stair.thisTrialN,stair.stepSize,stair.intensity,thisRow.t,notes,trial.started,fixation.started,grating.started,key_resp.started,fixation.stopped,grating.stopped,trial.stopped,level,correctAns,stair.response,key_resp.rt,participant,session,date,expName,expVersion,psychopyVersion,frameRate,expStart
0,2,10,0.0251329,,0.0079069,0.0251329,0.5100902,0.5100902,0.525227,0.8098764,1.2307826,10,right,1,0.6278063,1,1,2025-09-04_13h35.40.795,adaptive staircase exp,,2025.1.1,60.71420548,2025-09-04 13h35.50.266642 +0530
1,2,8,1.2402561,,1.2309465,1.2402561,1.7431607,1.7431607,1.7431607,2.0578443,2.325232,8,right,1,0.5733508,1,1,2025-09-04_13h35.40.795,adaptive staircase exp,,2025.1.1,60.71420548,2025-09-04 13h35.50.266642 +0530
2,2,6,2.3417234,,2.3254585,2.3417234,2.8250317,2.8250317,2.8416146,3.1249264,3.4089425,-6,left,1,0.572484,1,1,2025-09-04_13h35.40.795,adaptive staircase exp,,2025.1.1,60.71420548,2025-09-04 13h35.50.266642 +0530
3,2,4,3.4250168,,3.4091672,3.4250168,3.908198,3.908198,3.9248526,4.2078724,4.3419539,-4,left,1,0.4242945,1,1,2025-09-04_13h35.40.795,adaptive staircase exp,,2025.1.1,60.71420548,2025-09-04 13h35.50.266642 +0530
4,1,2,4.3582032,,4.342139,4.3582032,4.8432727,4.8432727,4.8598807,5.1433165,5.5935019,-2,left,0,0.7409731,1,1,2025-09-04_13h35.40.795,adaptive staircase exp,,2025.1.1,60.71420548,2025-09-04 13h35.50.266642 +0530
5,1,3,5.6095974,,5.5937896,5.6095974,6.0934496,6.0934496,6.1096828,6.3938818,6.7634623,3,right,1,0.6650139,1,1,2025-09-04_13h35.40.795,adaptive staircase exp,,2025.1.1,60.71420548,2025-09-04 13h35.50.266642 +0530
6,1,3,6.7763558,,6.7637066,6.7763558,7.2772179,7.2772179,7.2772179,7.5760052,7.9440515,3,right,1,0.6548898,1,1,2025-09-04_13h35.40.795,adaptive staircase exp,,2025.1.1,60.71420548,2025-09-04 13h35.50.266642 +0530
7,1,3,7.9596437,,7.944342,7.9596437,8.4433972,8.4433972,8.4605495,8.7433079,8.9444362,3,right,1,0.4966248,1,1,2025-09-04_13h35.40.795,adaptive staircase exp,,2025.1.1,60.71420548,2025-09-04 13h35.50.266642 +0530
8,1,2,8.9602291,,8.9447065,8.9602291,9.4605898,9.4605898,9.4766642,9.7602734,10.3604388,2,right,1,0.8916077,1,1,2025-09-04_13h35.40.795,adaptive staircase exp,,2025.1.1,60.71420548,2025-09-04 13h35.50.266642 +0530
9,1,2,10.3761217,,10.3606979,10.3761217,10.8599073,10.8599073,10.877377,11.1603965,11.4775699,-2,left,1,0.6054372,1,1,2025-09-04_13h35.40.795,adaptive staircase exp,,2025.1.1,60.71420548,2025-09-04 13h35.50.266642 +0530
10,1,2,11.4919487,,11.4778669,11.4919487,11.9770456,11.9770456,11.9930521,12.2776156,12.594316,-2,left,1,0.6132903,1,1,2025-09-04_13h35.40.795,adaptive staircase exp,,2025.1.1,60.71420548,2025-09-04 13h35.50.266642 +0530
11,1,1,12.6104177,,12.5945796,12.6104177,13.0926952,13.0926952,13.1276305,13.3944607,13.7448609,-1,left,1,0.6400149,1,1,2025-09-04_13h35.40.795,adaptive staircase exp,,2025.1.1,60.71420548,2025-09-04 13h35.50.266642 +0530
12,1,1,13.7611378,,13.7451819,13.7611378,14.2430342,14.2430342,14.2764527,14.5429775,15.0274584,-1,left,1,0.7737834,1,1,2025-09-04_13h35.40.795,adaptive staircase exp,,2025.1.1,60.71420548,2025-09-04 13h35.50.266642 +0530
13,1,1,15.0435414,,15.0277558,15.0435414,15.5265469,15.5265469,15.5435893,15.8269506,16.3613264,-1,left,1,0.8254667,1,1,2025-09-04_13h35.40.795,adaptive staircase exp,,2025.1.1,60.71420548,2025-09-04 13h35.50.266642 +0530
14,0.5,1,16.3771696,,16.3616032,16.3771696,16.8607171,16.8607171,16.8772838,17.1594488,17.4109404,1,right,0,0.5460721,1,1,2025-09-04_13h35.40.795,adaptive staircase exp,,2025.1.1,60.71420548,2025-09-04 13h35.50.266642 +0530
15,0.5,1.5,17.4267201,,17.4112212,17.4267201,17.9266274,17.9266274,17.9266274,18.2266948,18.644666,-1.5,left,1,0.7043592,1,1,2025-09-04_13h35.40.795,adaptive staircase exp,,2025.1.1,60.71420548,2025-09-04 13h35.50.266642 +0530
16,0.5,1.5,18.6605054,,18.6449276,18.6605054,19.1430526,19.1430526,19.1602404,19.4443372,19.6614147,1.5,right,1,0.5095426,1,1,2025-09-04_13h35.40.795,adaptive staircase exp,,2025.1.1,60.71420548,2025-09-04 13h35.50.266642 +0530
17,0.5,1.5,19.6779424,,19.6617564,19.6779424,20.177909,20.177909,20.177909,20.4776821,20.7105487,1.5,right,1,0.5297929,1,1,2025-09-04_13h35.40.795,adaptive staircase exp,,2025.1.1,60.71420548,2025-09-04 13h35.50.266642 +0530
18,0.5,1,20.7265054,,20.7107833,20.7265054,21.2104216,21.2104216,21.2266703,21.5095514,21.8262174,-1,left,1,0.6030987,1,1,2025-09-04_13h35.40.795,adaptive staircase exp,,2025.1.1,60.71420548,2025-09-04 13h35.50.266642 +0530
19,0.5,1,21.8426822,,21.8264205,21.8426822,22.3273371,22.3273371,22.3437905,22.6272566,22.7946954,1,right,1,0.4576741,1,1,2025-09-04_13h35.40.795,adaptive staircase exp,,2025.1.1,60.71420548,2025-09-04 13h35.50.266642 +0530
20,0.5,1,22.8108206,,22.7949848,22.8108206,23.2936866,23.2936866,23.3113053,23.5931456,23.8104088,-1,left,0,0.5059678,1,1,2025-09-04_13h35.40.795,adaptive staircase exp,,2025.1.1,60.71420548,2025-09-04 13h35.50.266642 +0530
21,0.5,1.5,23.8273308,,23.8106724,23.8273308,24.3107285,24.3107285,24.3272302,24.6114151,24.8119489,1.5,right,1,0.4846288,1,1,2025-09-04_13h35.40.795,adaptive staircase exp,,2025.1.1,60.71420548,2025-09-04 13h35.50.266642 +0530
22,0.5,1.5,24.8261821,,24.8122418,24.8261821,25.3280999,25.3280999,25.3280999,25.6268411,25.8115342,1.5,right,1,0.4793448,1,1,2025-09-04_13h35.40.795,adaptive staircase exp,,2025.1.1,60.71420548,2025-09-04 13h35.50.266642 +0530
23,0.5,1.5,25.8282414,,25.811801,25.8282414,26.3114894,26.3114894,26.3268658,26.6117845,26.7474009,1.5,right,1,0.4345744,1,1,2025-09-04_13h35.40.795,adaptive staircase exp,,2025.1.1,60.71420548,2025-09-04 13h35.50.266642 +0530
24,0.5,1,26.7616055,,26.7476626,26.7616055,27.261166,27.261166,27.261166,27.5616641,27.6284953,1,right,1,0.3525782,1,1,2025-09-04_13h35.40.795,adaptive staircase exp,,2025.1.1,60.71420548,2025-09-04 13h35.50.266642 +0530
25,0.5,1,27.6434446,,27.6289371,27.6434446,28.1451033,28.1451033,28.1451033,28.4439917,28.5447369,1,right,1,0.3937713,1,1,2025-09-04_13h35.40.795,adaptive staircase exp,,2025.1.1,60.71420548,2025-09-04 13h35.50.266642 +0530
26,0.5,1,28.5610178,,28.5450033,28.5610178,29.0613864,29.0613864,29.0613864,29.3607676,29.3616535,1,right,1,0.2889997,1,1,2025-09-04_13h35.40.795,adaptive staircase exp,,2025.1.1,60.71420548,2025-09-04 13h35.50.266642 +0530
27,0.5,1,29.3775467,,29.3619269,29.3775467,29.8610582,29.8610582,29.8784838,30.1617432,30.1942165,-1,left,0,0.3280339,1,1,2025-09-04_13h35.40.795,adaptive staircase exp,,2025.1.1,60.71420548,2025-09-04 13h35.50.266642 +0530
28,0.5,1.5,30.2117002,,30.1944715,30.2117002,30.6949963,30.6949963,30.7110983,31.0096628,31.062251,1.5,right,1,0.3525178,1,1,2025-09-04_13h35.40.795,adaptive staircase exp,,2025.1.1,60.71420548,2025-09-04 13h35.50.266642 +0530
29,0.5,1.5,31.0788875,,31.062581,31.0788875,31.5612938,31.5612938,31.5773727,31.8607361,31.878173,1.5,right,1,0.3126809,1,1,2025-09-04_13h35.40.795,adaptive staircase exp,,2025.1.1,60.71420548,2025-09-04 13h35.50.266642 +0530
30,0.5,1.5,31.8937743,,31.8784211,31.8937743,32.3781522,32.3781522,32.3938021,32.6783431,32.7958511,1.5,right,1,0.4129538,1,1,2025-09-04_13h35.40.795,adaptive staircase exp,,2025.1.1,60.71420548,2025-09-04 13h35.50.266642 +0530
31,0.5,1,32.8107762,,32.7961609,32.8107762,33.3120438,33.3120438,33.3120438,33.6115781,33.6455956,-1,left,0,0.3224695,1,1,2025-09-04_13h35.40.795,adaptive staircase exp,,2025.1.1,60.71420548,2025-09-04 13h35.50.266642 +0530
32,0.5,1.5,33.6620143,,33.6459016,33.6620143,34.1609552,34.1609552,34.1609552,34.461444,34.61315,1.5,right,1,0.4499084,1,1,2025-09-04_13h35.40.795,adaptive staircase exp,,2025.1.1,60.71420548,2025-09-04 13h35.50.266642 +0530
33,0.5,1.5,34.6281376,,34.6133989,34.6281376,35.1283555,35.1283555,35.1283555,35.4290623,35.4626071,1.5,right,1,0.329548,1,1,2025-09-04_13h35.40.795,adaptive staircase exp,,2025.1.1,60.71420548,2025-09-04 13h35.50.266642 +0530
34,0.5,1.5,35.4767397,,35.4629971,35.4767397,35.9612666,35.9612666,35.9791514,36.26172,36.2959285,-1.5,left,0,0.3214539,1,1,2025-09-04_13h35.40.795,adaptive staircase exp,,2025.1.1,60.71420548,2025-09-04 13h35.50.266642 +0530
35,0.5,2,36.3114836,,36.29619,36.3114836,36.795265,36.795265,36.8117534,37.0947187,37.2966394,2,right,1,0.4852627,1,1,2025-09-04_13h35.40.795,adaptive staircase exp,,2025.1.1,60.71420548,2025-09-04 13h35.50.266642 +0530
36,0.5,2,37.3115974,,37.2969347,37.3115974,37.8119267,37.8119267,37.8119267,38.1115557,38.2815538,2,right,0,0.4665706,1,1,2025-09-04_13h35.40.795,adaptive staircase exp,,2025.1.1,60.71420548,2025-09-04 13h35.50.266642 +0530
37,0.5,2.5,38.2949122,,38.281812,38.2949122,38.7951834,38.7951834,38.7951834,39.0935703,39.2114592,2.5,right,0,0.4129233,1,1,2025-09-04_13h35.40.795,adaptive staircase exp,,2025.1.1,60.71420548,2025-09-04 13h35.50.266642 +0530
38,0.5,3,39.22804,,39.2116872,39.22804,39.7126042,39.7126042,39.7284447,40.0115954,40.2618421,-3,left,1,0.5456757,1,1,2025-09-04_13h35.40.795,adaptive staircase exp,,2025.1.1,60.71420548,2025-09-04 13h35.50.266642 +0530
39,0.5,3,40.2779934,,40.2620755,40.2779934,40.7630369,40.7630369,40.7787204,41.0795527,41.2624895,-3,left,1,0.4890199,1,1,2025-09-04_13h35.40.795,adaptive staircase exp,,2025.1.1,60.71420548,2025-09-04 13h35.50.266642 +0530
40,0.5,3,41.2788117,,41.2627665,41.2788117,41.7618182,41.7618182,41.7793802,42.0618256,42.296023,3,right,1,0.5217038,1,1,2025-09-04_13h35.40.795,adaptive staircase exp,,2025.1.1,60.71420548,2025-09-04 13h35.50.266642 +0530
41,0.5,2.5,42.3112924,,42.2963023,42.3112924,42.7952333,42.7952333,42.8123152,43.0954475,43.1301108,-2.5,left,1,0.3324077,1,1,2025-09-04_13h35.40.795,adaptive staircase exp,,2025.1.1,60.71420548,2025-09-04 13h35.50.266642 +0530
42,0.5,2.5,43.1451531,,43.1303467,43.1451531,43.6284269,43.6284269,43.6449344,43.9291027,44.0629023,-2.5,left,1,0.4301976,1,1,2025-09-04_13h35.40.795,adaptive staircase exp,,2025.1.1,60.71420548,2025-09-04 13h35.50.266642 +0530
43,0.5,2.5,44.0787849,,44.0631814,44.0787849,44.5783663,44.5783663,44.5783663,44.8788012,44.9306448,-2.5,left,1,0.3512325,1,1,2025-09-04_13h35.40.795,adaptive staircase exp,,2025.1.1,60.71420548,2025-09-04 13h35.50.266642 +0530
44,0.5,2,44.9453433,,44.9309243,44.9453433,45.44517,45.44517,45.44517,45.7445348,45.8295067,-2,left,1,0.375527,1,1,2025-09-04_13h35.40.795,adaptive staircase exp,,2025.1.1,60.71420548,2025-09-04 13h35.50.266642 +0530
45,0.5,2,45.8460504,,45.8297828,45.8460504,46.327294,46.327294,46.3622014,46.6294012,46.7132393,2,right,0,0.3736265,1,1,2025-09-04_13h35.40.795,adaptive staircase exp,,2025.1.1,60.71420548,2025-09-04 13h35.50.266642 +0530
46,0.5,2.5,46.7291431,,46.7135875,46.7291431,47.2122682,47.2122682,47.2281823,47.5124375,47.6296838,2.5,right,1,0.4033556,1,1,2025-09-04_13h35.40.795,adaptive staircase exp,,2025.1.1,60.71420548,2025-09-04 13h35.50.266642 +0530
47,0.5,2.5,47.6452261,,47.6301913,47.6452261,48.1453505,48.1453505,48.1453505,48.4455712,48.8295586,-2.5,left,1,0.6694654,1,1,2025-09-04_13h35.40.795,adaptive staircase exp,,2025.1.1,60.71420548,2025-09-04 13h35.50.266642 +0530
48,0.5,2.5,48.8455939,,48.8298359,48.8455939,49.329468,49.329468,49.3460015,49.6295938,49.6962042,-2.5,left,1,0.3558985,1,1,2025-09-04_13h35.40.795,adaptive staircase exp,,2025.1.1,60.71420548,2025-09-04 13h35.50.266642 +0530
49,0.5,2,49.7127409,,49.6964628,49.7127409,50.2114638,50.2114638,50.2114638,50.5128687,50.7461423,2,right,1,0.5268971,1,1,2025-09-04_13h35.40.795,adaptive staircase exp,,2025.1.1,60.71420548,2025-09-04 13h35.50.266642 +0530
50,0.5,2,50.7633909,,50.746421,50.7633909,51.2631754,51.2631754,51.2631754,51.5783257,51.6305472,-2,left,1,0.353808,1,1,2025-09-04_13h35.40.795,adaptive staircase exp,,2025.1.1,60.71420548,2025-09-04 13h35.50.266642 +0530
51,0.5,2,51.6448864,,51.6308434,51.6448864,52.145381,52.145381,52.145381,52.4459626,52.6115391,2,right,1,0.4655909,1,1,2025-09-04_13h35.40.795,adaptive staircase exp,,2025.1.1,60.71420548,2025-09-04 13h35.50.266642 +0530
52,0.5,1.5,52.6273601,,52.6117447,52.6273601,53.1126864,53.1126864,53.1288154,53.4125183,53.5630518,-1.5,left,0,0.4471671,1,1,2025-09-04_13h35.40.795,adaptive staircase exp,,2025.1.1,60.71420548,2025-09-04 13h35.50.266642 +0530
53,0.5,2,53.5785703,,53.5633154,53.5785703,54.0631546,54.0631546,54.0793718,54.3630963,54.6626121,2,right,1,0.5952075,1,1,2025-09-04_13h35.40.795,adaptive staircase exp,,2025.1.1,60.71420548,2025-09-04 13h35.50.266642 +0530
54,0.5,2,54.6795176,,54.6629119,54.6795176,55.1627848,55.1627848,55.1786769,55.463504,55.6132609,-2,left,0,0.446896,1,1,2025-09-04_13h35.40.795,adaptive staircase exp,,2025.1.1,60.71420548,2025-09-04 13h35.50.266642 +0530
55,0.5,2.5,55.6296078,,55.6135701,55.6296078,56.1298437,56.1298437,56.1298437,56.4466424,56.5465205,2.5,right,1,0.4054336,1,1,2025-09-04_13h35.40.795,adaptive staircase exp,,2025.1.1,60.71420548,2025-09-04 13h35.50.266642 +0530
56,0.5,2.5,56.560908,,56.5467556,56.560908,57.0463451,57.0463451,57.0630142,57.3456684,57.4965775,-2.5,left,0,0.4407259,1,1,2025-09-04_13h35.40.795,adaptive staircase exp,,2025.1.1,60.71420548,2025-09-04 13h35.50.266642 +0530
57,0.5,3,57.5125807,,57.4968984,57.5125807,57.9965648,57.9965648,58.012235,58.2958243,58.4806829,-3,left,0,0.4674222,1,1,2025-09-04_13h35.40.795,adaptive staircase exp,,2025.1.1,60.71420548,2025-09-04 13h35.50.266642 +0530
58,0.5,3.5,58.4967267,,58.4809672,58.4967267,58.9964524,58.9964524,58.9964524,59.2963214,59.4462294,-3.5,left,1,0.4413515,1,1,2025-09-04_13h35.40.795,adaptive staircase exp,,2025.1.1,60.71420548,2025-09-04 13h35.50.266642 +0530
59,0.5,3.5,59.462569,,59.4464831,59.462569,59.9463886,59.9463886,59.9637492,60.2465374,60.3473205,-3.5,left,1,0.3853543,1,1,2025-09-04_13h35.40.795,adaptive staircase exp,,2025.1.1,60.71420548,2025-09-04 13h35.50.266642 +0530
60,0.5,3.5,60.3631081,,60.3475762,60.3631081,60.8633123,60.8633123,60.8633123,61.1631015,61.2460141,-3.5,left,0,0.3764785,1,1,2025-09-04_13h35.40.795,adaptive staircase exp,,2025.1.1,60.71420548,2025-09-04 13h35.50.266642 +0530
61,0.5,4,61.2630998,,61.2462936,61.2630998,61.7467059,61.7467059,61.7642575,62.0455143,62.0792029,-4,left,0,0.3254802,1,1,2025-09-04_13h35.40.795,adaptive staircase exp,,2025.1.1,60.71420548,2025-09-04 13h35.50.266642 +0530
62,0.5,4.5,62.0954665,,62.0794373,62.0954665,62.5789114,62.5789114,62.5960253,62.8802442,62.9139283,4.5,right,1,0.3266276,1,1,2025-09-04_13h35.40.795,adaptive staircase exp,,2025.1.1,60.71420548,2025-09-04 13h35.50.266642 +0530
63,0.5,4.5,62.930227,,62.9142211,62.930227,63.4132129,63.4132129,63.4298501,63.713697,63.8801207,4.5,right,1,0.4555419,1,1,2025-09-04_13h35.40.795,adaptive staircase exp,,2025.1.1,60.71420548,2025-09-04 13h35.50.266642 +0530
64,0.5,4.5,63.8969125,,63.8803863,63.8969125,64.3795654,64.3795654,64.3975247,64.6952267,64.6786262,4.5,right,1,0.2826823,1,1,2025-09-04_13h35.40.795,adaptive staircase exp,,2025.1.1,60.71420548,2025-09-04 13h35.50.266642 +0530
65,0.5,4,64.6952267,,64.6789016,64.6952267,65.1802838,65.1802838,65.1964068,65.4970601,65.6137705,4,right,1,0.433058,1,1,2025-09-04_13h35.40.795,adaptive staircase exp,,2025.1.1,60.71420548,2025-09-04 13h35.50.266642 +0530
66,0.5,4,65.6290708,,65.6140277,65.6290708,66.1292839,66.1292839,66.1292839,66.4301704,66.5473247,4,right,1,0.4043032,1,1,2025-09-04_13h35.40.795,adaptive staircase exp,,2025.1.1,60.71420548,2025-09-04 13h35.50.266642 +0530
67,0.5,4,66.5630901,,66.5475718,66.5630901,67.0448888,67.0448888,67.0803262,67.3472965,67.4973318,-4,left,1,0.4430055,1,1,2025-09-04_13h35.40.795,adaptive staircase exp,,2025.1.1,60.71420548,2025-09-04 13h35.50.266642 +0530
68,0.5,3.5,67.5134293,,67.4975856,67.5134293,68.0299237,68.0299237,68.0299237,68.3296189,68.3805855,-3.5,left,1,0.341647,1,1,2025-09-04_13h35.40.795,adaptive staircase exp,,2025.1.1,60.71420548,2025-09-04 13h35.50.266642 +0530
69,0.5,3.5,68.3963447,,68.3808617,68.3963447,68.878789,68.878789,68.8966034,69.1810949,69.2806898,-3.5,left,1,0.385731,1,1,2025-09-04_13h35.40.795,adaptive staircase exp,,2025.1.1,60.71420548,2025-09-04 13h35.50.266642 +0530
70,0.5,3.5,69.2970294,,69.2809577,69.2970294,69.778981,69.778981,69.8120087,70.0805547,70.2304549,-3.5,left,1,0.4376558,1,1,2025-09-04_13h35.40.795,adaptive staircase exp,,2025.1.1,60.71420548,2025-09-04 13h35.50.266642 +0530
71,0.5,3,70.2476256,,70.2307355,70.2476256,70.7302323,70.7302323,70.74757,71.0310884,71.0807075,3,right,0,0.3402504,1,1,2025-09-04_13h35.40.795,adaptive staircase exp,,2025.1.1,60.71420548,2025-09-04 13h35.50.266642 +0530
72,0.5,3.5,71.0964243,,71.0809848,71.0964243,71.5791022,71.5791022,71.5965051,71.881039,72.1639314,3.5,right,1,0.5763998,1,1,2025-09-04_13h35.40.795,adaptive staircase exp,,2025.1.1,60.71420548,2025-09-04 13h35.50.266642 +0530
73,0.5,3.5,72.1794961,,72.1642444,72.1794961,72.6637937,72.6637937,72.6798576,72.9640865,73.0313866,3.5,right,1,0.3567953,1,1,2025-09-04_13h35.40.795,adaptive staircase exp,,2025.1.1,60.71420548,2025-09-04 13h35.50.266642 +0530
74,0.5,3.5,73.0462029,,73.031669,73.0462029,73.5305672,73.5305672,73.5473896,73.8310127,74.0629786,-3.5,left,1,0.5269438,1,1,2025-09-04_13h35.40.795,adaptive staircase exp,,2025.1.1,60.71420548,2025-09-04 13h35.50.266642 +0530
75,0.5,3,74.0787584,,74.0632016,74.0787584,74.5637277,74.5637277,74.5809606,74.8641514,74.9986071,-3,left,1,0.4198712,1,1,2025-09-04_13h35.40.795,adaptive staircase exp,,2025.1.1,60.71420548,2025-09-04 13h35.50.266642 +0530
76,0.5,3,75.0143486,,74.9989057,75.0143486,75.5142616,75.5142616,75.5142616,75.8307957,76.0307634,3,right,1,0.5109772,1,1,2025-09-04_13h35.40.795,adaptive staircase exp,,2025.1.1,60.71420548,2025-09-04 13h35.50.266642 +0530
77,0.5,3,76.0456517,,76.0310154,76.0456517,76.5310499,76.5310499,76.5473708,76.8308654,76.9639933,-3,left,1,0.4266218,1,1,2025-09-04_13h35.40.795,adaptive staircase exp,,2025.1.1,60.71420548,2025-09-04 13h35.50.266642 +0530
78,0.5,2.5,76.9802983,,76.9642492,76.9802983,77.4632807,77.4632807,77.4806454,77.7648127,78.1808746,2.5,right,1,0.7053702,1,1,2025-09-04_13h35.40.795,adaptive staircase exp,,2025.1.1,60.71420548,2025-09-04 13h35.50.266642 +0530
79,0.5,2.5,78.1969777,,78.1811567,78.1969777,78.6811795,78.6811795,78.6977632,78.9806905,79.1812372,-2.5,left,1,0.4942909,1,1,2025-09-04_13h35.40.795,adaptive staircase exp,,2025.1.1,60.71420548,2025-09-04 13h35.50.266642 +0530
80,0.5,2.5,79.1975594,,79.1815135,79.1975594,79.6963566,79.6963566,79.6963566,79.9979368,80.2320305,-2.5,left,1,0.5228323,1,1,2025-09-04_13h35.40.795,adaptive staircase exp,,2025.1.1,60.71420548,2025-09-04 13h35.50.266642 +0530
81,0.5,2,80.2477426,,80.2323375,80.2477426,80.7315673,80.7315673,80.7474071,81.0474797,81.1802711,-2,left,1,0.4381694,1,1,2025-09-04_13h35.40.795,adaptive staircase exp,,2025.1.1,60.71420548,2025-09-04 13h35.50.266642 +0530
82,0.5,2,81.1961675,,81.1804893,81.1961675,81.6794907,81.6794907,81.6959542,81.979163,82.2304593,2,right,1,0.5474679,1,1,2025-09-04_13h35.40.795,adaptive staircase exp,,2025.1.1,60.71420548,2025-09-04 13h35.50.266642 +0530
83,0.5,2,82.248087,,82.2307288,82.248087,82.7308759,82.7308759,82.7480947,83.0291498,83.2974399,-2,left,1,0.5604249,1,1,2025-09-04_13h35.40.795,adaptive staircase exp,,2025.1.1,60.71420548,2025-09-04 13h35.50.266642 +0530
84,0.5,1.5,83.3135733,,83.2976742,83.3135733,83.798081,83.798081,83.8145701,84.0979608,84.3152745,1.5,right,1,0.5059992,1,1,2025-09-04_13h35.40.795,adaptive staircase exp,,2025.1.1,60.71420548,2025-09-04 13h35.50.266642 +0530
85,0.5,1.5,84.3308913,,84.3155772,84.3308913,84.8137759,84.8137759,84.8312063,85.1137192,85.2988767,1.5,right,1,0.4819943,1,1,2025-09-04_13h35.40.795,adaptive staircase exp,,2025.1.1,60.71420548,2025-09-04 13h35.50.266642 +0530
86,0.5,1.5,85.3147183,,85.2991437,85.3147183,85.7980538,85.7980538,85.8144259,86.0977844,86.2143487,1.5,right,1,0.4099316,1,1,2025-09-04_13h35.40.795,adaptive staircase exp,,2025.1.1,60.71420548,2025-09-04 13h35.50.266642 +0530
87,0.5,1,86.2305828,,86.2145784,86.2305828,86.7144659,86.7144659,86.731931,87.0145518,87.0982309,1,right,1,0.3717253,1,1,2025-09-04_13h35.40.795,adaptive staircase exp,,2025.1.1,60.71420548,2025-09-04 13h35.50.266642 +0530
88,0.5,1,87.1147571,,87.0985219,87.1147571,87.6130333,87.6130333,87.6293315,87.9147266,87.9816686,-1,left,0,0.3584902,1,1,2025-09-04_13h35.40.795,adaptive staircase exp,,2025.1.1,60.71420548,2025-09-04 13h35.50.266642 +0530
89,0.5,1.5,87.9974391,,87.9819559,87.9974391,88.4962398,88.4962398,88.5130729,88.7982291,88.9153199,-1.5,left,0,0.4075606,1,1,2025-09-04_13h35.40.795,adaptive staircase exp,,2025.1.1,60.71420548,2025-09-04 13h35.50.266642 +0530
90,0.5,2,88.9303202,,88.9156176,88.9303202,89.4148518,89.4148518,89.4309203,89.7154533,89.8172904,2,right,1,0.4002767,1,1,2025-09-04_13h35.40.795,adaptive staircase exp,,2025.1.1,60.71420548,2025-09-04 13h35.50.266642 +0530
91,0.5,2,89.8316837,,89.8175325,89.8316837,90.3317033,90.3317033,90.3317033,90.6315672,91.0317076,-2,left,1,0.6956544,1,1,2025-09-04_13h35.40.795,adaptive staircase exp,,2025.1.1,60.71420548,2025-09-04 13h35.50.266642 +0530
92,0.5,2,91.0478276,,91.0319908,91.0478276,91.5319728,91.5319728,91.5491159,91.8307904,92.0155822,-2,left,1,0.4810634,1,1,2025-09-04_13h35.40.795,adaptive staircase exp,,2025.1.1,60.71420548,2025-09-04 13h35.50.266642 +0530
93,0.5,1.5,92.0315558,,92.0158063,92.0315558,92.5320702,92.5320702,92.5320702,92.8309838,93.3827359,-1.5,left,1,0.8401143,1,1,2025-09-04_13h35.40.795,adaptive staircase exp,,2025.1.1,60.71420548,2025-09-04 13h35.50.266642 +0530
94,0.5,1.5,93.3981321,,93.3829948,93.3981321,93.8994507,93.8994507,93.8994507,94.1975429,94.4165,1.5,right,1,0.5140596,1,1,2025-09-04_13h35.40.795,adaptive staircase exp,,2025.1.1,60.71420548,2025-09-04 13h35.50.266642 +0530
95,0.5,1.5,94.4310559,,94.416757,94.4310559,94.9314773,94.9314773,94.9314773,95.2320291,95.3483829,1.5,right,1,0.4129466,1,1,2025-09-04_13h35.40.795,adaptive staircase exp,,2025.1.1,60.71420548,2025-09-04 13h35.50.266642 +0530
96,0.5,1,95.3645383,,95.3486287,95.3645383,95.8478105,95.8478105,95.8635991,96.1486618,96.2644907,1,right,1,0.4130022,1,1,2025-09-04_13h35.40.795,adaptive staircase exp,,2025.1.1,60.71420548,2025-09-04 13h35.50.266642 +0530
97,0.5,1,96.2823735,,96.2647214,96.2823735,96.765397,96.765397,96.7813834,97.0800645,97.1637357,1,right,0,0.3838676,1,1,2025-09-04_13h35.40.795,adaptive staircase exp,,2025.1.1,60.71420548,2025-09-04 13h35.50.266642 +0530
98,0.5,1.5,97.1799142,,97.163955,97.1799142,97.6638816,97.6638816,97.6803368,97.9651458,98.0324602,1.5,right,1,0.3643971,1,1,2025-09-04_13h35.40.795,adaptive staircase exp,,2025.1.1,60.71420548,2025-09-04 13h35.50.266642 +0530
99,0.5,1.5,98.0484058,,98.0327187,98.0484058,98.5321261,98.5321261,98.5480841,98.8470062,98.9813576,-1.5,left,0,0.4448779,1,1,2025-09-04_13h35.40.795,adaptive staircase exp,,2025.1.1,60.71420548,2025-09-04 13h35.50.266642 +0530
