thisN,thisTrialN,thisRepN,mouse.x,mouse.y,mouse.leftButton,mouse.midButton,mouse.rightButton,mouse.time,mouse.clicked_name,trials.thisRepN,trials.thisTrialN,trials.thisN,trials.thisIndex,thisRow.t,notes,num_distr,trial.started,Fixation.started,Target.started,mouse.started,Fixation.stopped,trial.stopped,trials.mouse.x,trials.mouse.y,trials.mouse.leftButton,trials.mouse.midButton,trials.mouse.rightButton,trials.mouse.time,trials.mouse.clicked_name,participant,session,date,expName,expVersion,psychopyVersion,frameRate,expStart,
0,0,0,[-0.022222222222222223],[-0.23333333333333334],[1],[0],[0],[1.4026078000897542],['Target'],0,0,0,0,0.04478260001633316,,5,0.030666499980725348,0.04478260001633316,0.04478260001633316,0.030701799900271,1.0464547999436036,1.4333677999675274,[-0.022222222222222223],[-0.23333333333333334],[1],[0],[0],[1.4026078000897542],['Target'],0002,001,2025-09-30_16h02.16.707,visual search,,2025.1.1,60.16191979119983,2025-09-30 16h03.58.894674 +0530,
1,0,1,[-0.31666666666666665],[-0.16666666666666666],[1],[0],[0],[1.651423699920997],['Target'],1,0,1,0,1.4617009999928996,,5,1.4491456999676302,1.4617009999928996,1.4617009999928996,0.015590399969369173,2.4639220000244677,3.10071190004237,[-0.31666666666666665],[-0.16666666666666666],[1],[0],[0],[1.651423699920997],['Target'],0002,001,2025-09-30_16h02.16.707,visual search,,2025.1.1,60.16191979119983,2025-09-30 16h03.58.894674 +0530,
2,0,2,[-0.3541666666666667],[0.3625],[1],[0],[0],[1.4458158001070842],['Target'],2,0,2,0,3.1467838999815285,,5,3.1191053999355063,3.1467838999815285,3.1467838999815285,0.018112099962309003,4.148166800034232,4.5650272000348195,[-0.3541666666666667],[0.3625],[1],[0],[0],[1.4458158001070842],['Target'],0002,001,2025-09-30_16h02.16.707,visual search,,2025.1.1,60.16191979119983,2025-09-30 16h03.58.894674 +0530,
3,0,3,[-0.4236111111111111],[-0.4444444444444444],[1],[0],[0],[2.435042400029488],['Target'],3,0,3,0,4.6118733999319375,,10,4.596586199942976,4.6118733999319375,4.6118733999319375,0.031436000019311905,5.613283299957402,7.031719699967653,[-0.4236111111111111],[-0.4444444444444444],[1],[0],[0],[2.435042400029488],['Target'],0002,001,2025-09-30_16h02.16.707,visual search,,2025.1.1,60.16191979119983,2025-09-30 16h03.58.894674 +0530,
4,0,4,[0.3638888888888889],[-0.21805555555555556],[1],[0],[0],[1.4482911999803036],['Target'],4,0,4,0,7.061744699953124,,5,7.050401899963617,7.061744699953124,7.061744699953124,0.01847750006709248,8.065935399965383,8.498773599974811,[0.3638888888888889],[-0.21805555555555556],[1],[0],[0],[1.4482911999803036],['Target'],0002,001,2025-09-30_16h02.16.707,visual search,,2025.1.1,60.16191979119983,2025-09-30 16h03.58.894674 +0530,
5,0,5,[-0.3236111111111111],[0.07361111111111111],[1],[0],[0],[1.147078900015913],['Target'],5,0,5,0,8.528711299994029,,5,8.517734099994414,8.528711299994029,8.528711299994029,0.018791699898429215,9.529886799980886,9.664978899993002,[-0.3236111111111111],[0.07361111111111111],[1],[0],[0],[1.147078900015913],['Target'],0002,001,2025-09-30_16h02.16.707,visual search,,2025.1.1,60.16191979119983,2025-09-30 16h03.58.894674 +0530,
6,0,6,[-0.3111111111111111],[0.29444444444444445],[1],[0],[0],[1.202203799970448],['Target'],6,0,6,0,9.712018899968825,,10,9.696110700024292,9.712018899968825,9.712018899968825,0.030972499982453883,10.7133306999458,10.898387599969283,[-0.3111111111111111],[0.29444444444444445],[1],[0],[0],[1.202203799970448],['Target'],0002,001,2025-09-30_16h02.16.707,visual search,,2025.1.1,60.16191979119983,2025-09-30 16h03.58.894674 +0530,
7,0,7,[0.3333333333333333],[0.45],[1],[0],[0],[1.9333456000313163],['Target'],7,0,7,0,10.962429199949838,,10,10.93196670000907,10.962429199949838,10.962429199949838,0.03336320002563298,11.96487879997585,12.865401800023392,[0.3333333333333333],[0.45],[1],[0],[0],[1.9333456000313163],['Target'],0002,001,2025-09-30_16h02.16.707,visual search,,2025.1.1,60.16191979119983,2025-09-30 16h03.58.894674 +0530,
8,0,8,[0.49444444444444446],[-0.05277777777777778],[1],[0],[0],[1.5847038999199867],['Target'],8,0,8,0,12.896709299995564,,5,12.884172099991702,12.896709299995564,12.896709299995564,0.018465799978002906,13.89670559996739,14.469029400032014,[0.49444444444444446],[-0.05277777777777778],[1],[0],[0],[1.5847038999199867],['Target'],0002,001,2025-09-30_16h02.16.707,visual search,,2025.1.1,60.16191979119983,2025-09-30 16h03.58.894674 +0530,
9,0,9,[0.31805555555555554],[-0.31805555555555554],[1],[0],[0],[1.41800070006866],['Target'],9,0,9,0,14.51260130002629,,10,14.497372100013308,14.51260130002629,14.51260130002629,0.02806309994775802,15.513777500018477,15.915488500031643,[0.31805555555555554],[-0.31805555555555554],[1],[0],[0],[1.41800070006866],['Target'],0002,001,2025-09-30_16h02.16.707,visual search,,2025.1.1,60.16191979119983,2025-09-30 16h03.58.894674 +0530,
10,0,10,[-0.001388888888888889],[-0.025],[1],[0],[0],[2.4361826999811456],['Target'],10,0,10,0,15.962193800020032,,10,15.946905400021933,15.962193800020032,15.962193800020032,0.031236000009812415,16.96378739993088,18.383227900019847,[-0.001388888888888889],[-0.025],[1],[0],[0],[2.4361826999811456],['Target'],0002,001,2025-09-30_16h02.16.707,visual search,,2025.1.1,60.16191979119983,2025-09-30 16h03.58.894674 +0530,
11,0,11,[0.0375],[-0.3861111111111111],[1],[0],[0],[2.0378136000363156],['Target'],11,0,11,0,18.430386899970472,,10,18.411466900026426,18.430386899970472,18.430386899970472,0.027902600006200373,19.43088819994591,20.449347599991597,[0.0375],[-0.3861111111111111],[1],[0],[0],[2.0378136000363156],['Target'],0002,001,2025-09-30_16h02.16.707,visual search,,2025.1.1,60.16191979119983,2025-09-30 16h03.58.894674 +0530,
12,0,12,[0.1875],[-0.2611111111111111],[1],[0],[0],[2.255069600068964],['Target'],12,0,12,0,20.496064099948853,,10,20.477434400003403,20.496064099948853,20.496064099948853,0.027938200044445693,21.497954300022684,22.73268629994709,[0.1875],[-0.2611111111111111],[1],[0],[0],[2.255069600068964],['Target'],0002,001,2025-09-30_16h02.16.707,visual search,,2025.1.1,60.16191979119983,2025-09-30 16h03.58.894674 +0530,
13,0,13,[0.1388888888888889],[0.4652777777777778],[1],[0],[0],[3.529348599957302],['Target'],13,0,13,0,22.862621500040404,,10,22.836771999951452,22.862621500040404,22.862621500040404,0.10385459999088198,23.864834600011818,26.366226500016637,[0.1388888888888889],[0.4652777777777778],[1],[0],[0],[3.529348599957302],['Target'],0002,001,2025-09-30_16h02.16.707,visual search,,2025.1.1,60.16191979119983,2025-09-30 16h03.58.894674 +0530,
14,0,14,[-0.2847222222222222],[-0.018055555555555554],[1],[0],[0],[1.2886223000241444],['Target'],14,0,14,0,26.412865499965847,,10,26.393722699955106,26.412865499965847,26.412865499965847,0.027272199979051948,27.41462259995751,27.68242279998958,[-0.2847222222222222],[-0.018055555555555554],[1],[0],[0],[1.2886223000241444],['Target'],0002,001,2025-09-30_16h02.16.707,visual search,,2025.1.1,60.16191979119983,2025-09-30 16h03.58.894674 +0530,
15,0,15,[0.13194444444444445],[0.33611111111111114],[1],[0],[0],[1.6196173999924213],['Target'],15,0,15,0,27.729534899932332,,10,27.71361199999228,27.729534899932332,27.729534899932332,0.030795900034718215,28.7319571999833,29.333337499992922,[0.13194444444444445],[0.33611111111111114],[1],[0],[0],[1.6196173999924213],['Target'],0002,001,2025-09-30_16h02.16.707,visual search,,2025.1.1,60.16191979119983,2025-09-30 16h03.58.894674 +0530,
16,0,16,[-0.20833333333333334],[0.2361111111111111],[1],[0],[0],[1.3652691000606865],['Target'],16,0,16,0,29.3630334000336,,5,29.351360699976794,29.3630334000336,29.3630334000336,0.01784610003232956,30.36478059994988,30.716717000002973,[-0.20833333333333334],[0.2361111111111111],[1],[0],[0],[1.3652691000606865],['Target'],0002,001,2025-09-30_16h02.16.707,visual search,,2025.1.1,60.16191979119983,2025-09-30 16h03.58.894674 +0530,
17,0,17,[-0.2763888888888889],[-0.06944444444444445],[1],[0],[0],[1.4324913999298587],['Target'],17,0,17,0,30.746534100035205,,5,30.734620800008997,30.746534100035205,30.746534100035205,0.017732399981468916,31.74799579998944,32.167193899978884,[-0.2763888888888889],[-0.06944444444444445],[1],[0],[0],[1.4324913999298587],['Target'],0002,001,2025-09-30_16h02.16.707,visual search,,2025.1.1,60.16191979119983,2025-09-30 16h03.58.894674 +0530,
18,0,18,[0.0625],[-0.30833333333333335],[1],[0],[0],[1.8311285999370739],['Target'],18,0,18,0,32.22976130002644,,10,32.201969799934886,32.22976130002644,32.22976130002644,0.03458790003787726,33.23115120001603,34.03321839997079,[0.0625],[-0.30833333333333335],[1],[0],[0],[1.8311285999370739],['Target'],0002,001,2025-09-30_16h02.16.707,visual search,,2025.1.1,60.16191979119983,2025-09-30 16h03.58.894674 +0530,
19,0,19,[0.0625],[-0.3416666666666667],[1],[0],[0],[1.1188500000862405],['Target'],19,0,19,0,34.080173299997114,,10,34.06461899995338,34.080173299997114,34.080173299997114,0.031166299944743514,35.08140409993939,35.183561100042425,[0.0625],[-0.3416666666666667],[1],[0],[0],[1.1188500000862405],['Target'],0002,001,2025-09-30_16h02.16.707,visual search,,2025.1.1,60.16191979119983,2025-09-30 16h03.58.894674 +0530,
20,0,20,[-0.4361111111111111],[-0.18333333333333332],[1],[0],[0],[1.6663766000419855],['Target'],20,0,20,0,35.21358490001876,,5,35.20162910001818,35.21358490001876,35.21358490001876,0.01786700007505715,36.21511909994297,36.86811809998471,[-0.4361111111111111],[-0.18333333333333332],[1],[0],[0],[1.6663766000419855],['Target'],0002,001,2025-09-30_16h02.16.707,visual search,,2025.1.1,60.16191979119983,2025-09-30 16h03.58.894674 +0530,
21,0,21,[0.125],[-0.3638888888888889],[1],[0],[0],[2.5151171000907198],['Target'],21,0,21,0,36.89666530000977,,5,36.88535250001587,36.89666530000977,36.89666530000977,0.01705919997766614,37.89825229998678,39.4006024999544,[0.125],[-0.3638888888888889],[1],[0],[0],[2.5151171000907198],['Target'],0002,001,2025-09-30_16h02.16.707,visual search,,2025.1.1,60.16191979119983,2025-09-30 16h03.58.894674 +0530,
22,0,22,[-0.39305555555555555],[-0.2986111111111111],[1],[0],[0],[1.551373399910517],['Target'],22,0,22,0,39.44687939994037,,10,39.43276250001509,39.44687939994037,39.44687939994037,0.03200279991142452,40.4485559000168,40.98423639999237,[-0.39305555555555555],[-0.2986111111111111],[1],[0],[0],[1.551373399910517],['Target'],0002,001,2025-09-30_16h02.16.707,visual search,,2025.1.1,60.16191979119983,2025-09-30 16h03.58.894674 +0530,
23,0,23,[-0.02361111111111111],[-0.2611111111111111],[1],[0],[0],[1.7754215999739245],['Target'],23,0,23,0,41.030557599966414,,10,41.00959489995148,41.030557599966414,41.030557599966414,0.025137399905361235,42.03269359993283,42.78511139994953,[-0.02361111111111111],[-0.2611111111111111],[1],[0],[0],[1.7754215999739245],['Target'],0002,001,2025-09-30_16h02.16.707,visual search,,2025.1.1,60.16191979119983,2025-09-30 16h03.58.894674 +0530,
24,0,24,[0.42916666666666664],[0.18194444444444444],[1],[0],[0],[2.368324200040661],['Target'],24,0,24,0,42.83091300004162,,10,42.81548789993394,42.83091300004162,42.83091300004162,0.03012710006441921,43.83175939996727,45.183928000042215,[0.42916666666666664],[0.18194444444444444],[1],[0],[0],[2.368324200040661],['Target'],0002,001,2025-09-30_16h02.16.707,visual search,,2025.1.1,60.16191979119983,2025-09-30 16h03.58.894674 +0530,
25,0,25,[0.13194444444444445],[-0.2833333333333333],[1],[0],[0],[3.0189700999762863],['Target'],25,0,25,0,45.23056609998457,,10,45.21502749994397,45.23056609998457,45.23056609998457,0.03086520009674132,46.23241419997066,48.234083499992266,[0.13194444444444445],[-0.2833333333333333],[1],[0],[0],[3.0189700999762863],['Target'],0002,001,2025-09-30_16h02.16.707,visual search,,2025.1.1,60.16191979119983,2025-09-30 16h03.58.894674 +0530,
26,0,26,[0.17777777777777778],[-0.3472222222222222],[1],[0],[0],[1.3844495000084862],['Target'],26,0,26,0,48.263888499932364,,5,48.25162009999622,48.263888499932364,48.263888499932364,0.017327800043858588,49.2656276000198,49.636300900019705,[0.17777777777777778],[-0.3472222222222222],[1],[0],[0],[1.3844495000084862],['Target'],0002,001,2025-09-30_16h02.16.707,visual search,,2025.1.1,60.16191979119983,2025-09-30 16h03.58.894674 +0530,
27,0,27,[0.3527777777777778],[-0.4],[1],[0],[0],[1.870508800027892],['Target'],27,0,27,0,49.681031199987046,,10,49.663580199936405,49.681031199987046,49.681031199987046,0.027029499993659556,50.68197739997413,51.53417909995187,[0.3527777777777778],[-0.4],[1],[0],[0],[1.870508800027892],['Target'],0002,001,2025-09-30_16h02.16.707,visual search,,2025.1.1,60.16191979119983,2025-09-30 16h03.58.894674 +0530,
28,0,28,[0.08194444444444444],[0.4736111111111111],[1],[0],[0],[1.7149268999928609],['Target'],28,0,28,0,51.564052199944854,,5,51.552597200032324,51.564052199944854,51.564052199944854,0.018203999963589013,52.56635340000503,53.267614100012,[0.08194444444444444],[0.4736111111111111],[1],[0],[0],[1.7149268999928609],['Target'],0002,001,2025-09-30_16h02.16.707,visual search,,2025.1.1,60.16191979119983,2025-09-30 16h03.58.894674 +0530,
29,0,29,[0.39444444444444443],[0.1527777777777778],[1],[0],[0],[1.5194317999994382],['Target'],29,0,29,0,53.29745269997511,,5,53.284897699952126,53.29745269997511,53.29745269997511,0.0171156000578776,54.29971409996506,54.804463999927975,[0.39444444444444443],[0.1527777777777778],[1],[0],[0],[1.5194317999994382],['Target'],0002,001,2025-09-30_16h02.16.707,visual search,,2025.1.1,60.16191979119983,2025-09-30 16h03.58.894674 +0530,
30,0,30,[0.05138888888888889],[0.2986111111111111],[1],[0],[0],[1.3350246000336483],['Target'],30,0,30,0,54.84807169996202,,10,54.83289960003458,54.84807169996202,54.84807169996202,0.02811489999294281,55.84990909998305,56.168003499973565,[0.05138888888888889],[0.2986111111111111],[1],[0],[0],[1.3350246000336483],['Target'],0002,001,2025-09-30_16h02.16.707,visual search,,2025.1.1,60.16191979119983,2025-09-30 16h03.58.894674 +0530,
31,0,31,[-0.059722222222222225],[0.21666666666666667],[1],[0],[0],[1.0720405000029132],['Target'],31,0,31,0,56.214924499974586,,10,56.19584920001216,56.214924499974586,56.214924499974586,0.027694999938830733,57.21622830000706,57.267992299981415,[-0.059722222222222225],[0.21666666666666667],[1],[0],[0],[1.0720405000029132],['Target'],0002,001,2025-09-30_16h02.16.707,visual search,,2025.1.1,60.16191979119983,2025-09-30 16h03.58.894674 +0530,
32,0,32,[-0.44722222222222224],[-0.1875],[1],[0],[0],[1.4030501000816002],['Target'],32,0,32,0,57.29773769993335,,5,57.2848366999533,57.29773769993335,57.29773769993335,0.016601899988017976,58.300733100040816,58.68801209994126,[-0.44722222222222224],[-0.1875],[1],[0],[0],[1.4030501000816002],['Target'],0002,001,2025-09-30_16h02.16.707,visual search,,2025.1.1,60.16191979119983,2025-09-30 16h03.58.894674 +0530,
33,0,33,[0.3541666666666667],[-0.45555555555555555],[1],[0],[0],[1.6694408999755979],['Target'],33,0,33,0,58.7315302999923,,10,58.716007499955595,58.7315302999923,58.7315302999923,0.02778149989899248,59.73372639995068,60.3855506000109,[0.3541666666666667],[-0.45555555555555555],[1],[0],[0],[1.6694408999755979],['Target'],0002,001,2025-09-30_16h02.16.707,visual search,,2025.1.1,60.16191979119983,2025-09-30 16h03.58.894674 +0530,
34,0,34,[-0.1875],[0.10277777777777777],[1],[0],[0],[1.2733227999415249],['Target'],34,0,34,0,60.431742499931715,,10,60.41081229993142,60.431742499931715,60.431742499931715,0.0250450000166893,61.43389919993933,61.68420000001788,[-0.1875],[0.10277777777777777],[1],[0],[0],[1.2733227999415249],['Target'],0002,001,2025-09-30_16h02.16.707,visual search,,2025.1.1,60.16191979119983,2025-09-30 16h03.58.894674 +0530,
35,0,35,[0.2722222222222222],[-0.39444444444444443],[1],[0],[0],[2.8768595000728965],['Target'],35,0,35,0,61.73196949996054,,10,61.70992739999201,61.73196949996054,61.73196949996054,0.02559169998858124,62.733426599996164,64.58688169997185,[0.2722222222222222],[-0.39444444444444443],[1],[0],[0],[2.8768595000728965],['Target'],0002,001,2025-09-30_16h02.16.707,visual search,,2025.1.1,60.16191979119983,2025-09-30 16h03.58.894674 +0530,
36,0,36,[0.08194444444444444],[0.09305555555555556],[1],[0],[0],[3.553529900033027],['Target'],36,0,36,0,64.63172229996417,,10,64.61480430001393,64.63172229996417,64.63172229996417,0.027736400021240115,65.63331529998686,68.16845659993123,[0.08194444444444444],[0.09305555555555556],[1],[0],[0],[3.553529900033027],['Target'],0002,001,2025-09-30_16h02.16.707,visual search,,2025.1.1,60.16191979119983,2025-09-30 16h03.58.894674 +0530,
37,0,37,[0.18472222222222223],[0.28194444444444444],[1],[0],[0],[1.3011210999684408],['Target'],37,0,37,0,68.2316131000407,,10,68.20207909995224,68.2316131000407,68.2316131000407,0.03343219996895641,69.2332546999678,69.50329319993034,[0.18472222222222223],[0.28194444444444444],[1],[0],[0],[1.3011210999684408],['Target'],0002,001,2025-09-30_16h02.16.707,visual search,,2025.1.1,60.16191979119983,2025-09-30 16h03.58.894674 +0530,
38,0,38,[0.32222222222222224],[0.2513888888888889],[1],[0],[0],[1.5494426999939606],['Target'],38,0,38,0,69.56495669996366,,10,69.537281399942,69.56495669996366,69.56495669996366,0.033588800113648176,70.56726559996605,71.08682730002329,[0.32222222222222224],[0.2513888888888889],[1],[0],[0],[1.5494426999939606],['Target'],0002,001,2025-09-30_16h02.16.707,visual search,,2025.1.1,60.16191979119983,2025-09-30 16h03.58.894674 +0530,
39,0,39,[0.09722222222222222],[0.4041666666666667],[1],[0],[0],[2.105349999968894],['Target'],39,0,39,0,71.13277269992977,,10,71.11559930001386,71.13277269992977,71.13277269992977,0.028572299983352423,72.13566379994154,73.22112909995485,[0.09722222222222222],[0.4041666666666667],[1],[0],[0],[2.105349999968894],['Target'],0002,001,2025-09-30_16h02.16.707,visual search,,2025.1.1,60.16191979119983,2025-09-30 16h03.58.894674 +0530,
40,0,40,[0.14722222222222223],[0.24444444444444444],[1],[0],[0],[1.1734385999152437],['Target'],40,0,40,0,73.2653655000031,,10,73.24791969999205,73.2653655000031,73.2653655000031,0.026483200024813414,74.26716559997294,74.4214555999497,[0.14722222222222223],[0.24444444444444444],[1],[0],[0],[1.1734385999152437],['Target'],0002,001,2025-09-30_16h02.16.707,visual search,,2025.1.1,60.16191979119983,2025-09-30 16h03.58.894674 +0530,
41,0,41,[0.4125],[-0.4236111111111111],[1],[0],[0],[1.931809400091879],['Target'],41,0,41,0,74.44895160000306,,5,74.43902920000255,74.44895160000306,74.44895160000306,0.01734789996407926,75.45131489995401,76.37093580001965,[0.4125],[-0.4236111111111111],[1],[0],[0],[1.931809400091879],['Target'],0002,001,2025-09-30_16h02.16.707,visual search,,2025.1.1,60.16191979119983,2025-09-30 16h03.58.894674 +0530,
42,0,42,[-0.09166666666666666],[-0.0875],[1],[0],[0],[1.8809987999266014],['Target'],42,0,42,0,76.39898329996504,,5,76.38788259995636,76.39898329996504,76.39898329996504,0.01677599991671741,77.4010508999927,78.2690031999955,[-0.09166666666666666],[-0.0875],[1],[0],[0],[1.8809987999266014],['Target'],0002,001,2025-09-30_16h02.16.707,visual search,,2025.1.1,60.16191979119983,2025-09-30 16h03.58.894674 +0530,
43,0,43,[0.4263888888888889],[-0.36666666666666664],[1],[0],[0],[1.4510872999671847],['Target'],43,0,43,0,78.29956800001673,,5,78.28398129995912,78.29956800001673,78.29956800001673,0.014738500001840293,79.30115930002648,79.73514669993892,[0.4263888888888889],[-0.36666666666666664],[1],[0],[0],[1.4510872999671847],['Target'],0002,001,2025-09-30_16h02.16.707,visual search,,2025.1.1,60.16191979119983,2025-09-30 16h03.58.894674 +0530,
44,0,44,[-0.28194444444444444],[0.10416666666666667],[1],[0],[0],[1.5734737999737263],['Target'],44,0,44,0,79.78302420000546,,10,79.76281859993469,79.78302420000546,79.78302420000546,0.027526300051249564,80.78649590001442,81.33639650000259,[-0.28194444444444444],[0.10416666666666667],[1],[0],[0],[1.5734737999737263],['Target'],0002,001,2025-09-30_16h02.16.707,visual search,,2025.1.1,60.16191979119983,2025-09-30 16h03.58.894674 +0530,
45,0,45,[-0.2861111111111111],[0.4722222222222222],[1],[0],[0],[2.5211643000366166],['Target'],45,0,45,0,81.38299650000408,,10,81.36439549992792,81.38299650000408,81.38299650000408,0.027756900060921907,82.38467409997247,83.88564310001675,[-0.2861111111111111],[0.4722222222222222],[1],[0],[0],[2.5211643000366166],['Target'],0002,001,2025-09-30_16h02.16.707,visual search,,2025.1.1,60.16191979119983,2025-09-30 16h03.58.894674 +0530,
46,0,46,[-0.1597222222222222],[-0.17083333333333334],[1],[0],[0],[1.4065039000706747],['Target'],46,0,46,0,83.9166640000185,,5,83.89780639996752,83.9166640000185,83.9166640000185,0.012020199908874929,84.91784579993691,85.30445089994464,[-0.1597222222222222],[-0.17083333333333334],[1],[0],[0],[1.4065039000706747],['Target'],0002,001,2025-09-30_16h02.16.707,visual search,,2025.1.1,60.16191979119983,2025-09-30 16h03.58.894674 +0530,
47,0,47,[0.23194444444444445],[-0.09027777777777778],[1],[0],[0],[1.1962976000504568],['Target'],47,0,47,0,85.3327209999552,,5,85.32260529999621,85.3327209999552,85.3327209999552,0.01796420000027865,86.33540600002743,86.51900159998331,[0.23194444444444445],[-0.09027777777777778],[1],[0],[0],[1.1962976000504568],['Target'],0002,001,2025-09-30_16h02.16.707,visual search,,2025.1.1,60.16191979119983,2025-09-30 16h03.58.894674 +0530,
48,0,48,[0.025],[-0.2833333333333333],[1],[0],[0],[1.001619499991648],['Target'],48,0,48,0,86.56617529992945,,10,86.5518199999351,86.56617529992945,86.56617529992945,0.0326473000459373,87.58273299993016,87.55353219993412,[0.025],[-0.2833333333333333],[1],[0],[0],[1.001619499991648],['Target'],0002,001,2025-09-30_16h02.16.707,visual search,,2025.1.1,60.16191979119983,2025-09-30 16h03.58.894674 +0530,
49,0,49,[-0.12638888888888888],[-0.3611111111111111],[1],[0],[0],[1.030509200063534],['Target'],49,0,49,0,87.58273299993016,,5,87.57186170003843,87.58273299993016,87.58273299993016,0.018126600072719157,88.58467010001186,88.60248190001585,[-0.12638888888888888],[-0.3611111111111111],[1],[0],[0],[1.030509200063534],['Target'],0002,001,2025-09-30_16h02.16.707,visual search,,2025.1.1,60.16191979119983,2025-09-30 16h03.58.894674 +0530,
50,0,50,[0.48194444444444445],[0.041666666666666664],[1],[0],[0],[1.4195068000117317],['Target'],50,0,50,0,88.64942589995917,,10,88.63405949994922,88.64942589995917,88.64942589995917,0.03143039997667074,89.65074760001153,90.05366400000639,[0.48194444444444445],[0.041666666666666664],[1],[0],[0],[1.4195068000117317],['Target'],0002,001,2025-09-30_16h02.16.707,visual search,,2025.1.1,60.16191979119983,2025-09-30 16h03.58.894674 +0530,
51,0,51,[0.2152777777777778],[-0.41805555555555557],[1],[0],[0],[1.4180484999669716],['Target'],51,0,51,0,90.0994362999918,,10,90.08461679995526,90.0994362999918,90.0994362999918,0.030756300082430243,91.10097339993808,91.50277130003087,[0.2152777777777778],[-0.41805555555555557],[1],[0],[0],[1.4180484999669716],['Target'],0002,001,2025-09-30_16h02.16.707,visual search,,2025.1.1,60.16191979119983,2025-09-30 16h03.58.894674 +0530,
52,0,52,[0.07083333333333333],[0.37916666666666665],[1],[0],[0],[1.3703569000354037],['Target'],52,0,52,0,91.56628040003125,,10,91.5329862999497,91.56628040003125,91.56628040003125,0.02997439994942397,92.56881660001818,92.90342210000381,[0.07083333333333333],[0.37916666666666665],[1],[0],[0],[1.3703569000354037],['Target'],0002,001,2025-09-30_16h02.16.707,visual search,,2025.1.1,60.16191979119983,2025-09-30 16h03.58.894674 +0530,
53,0,53,[-0.019444444444444445],[-0.04861111111111111],[1],[0],[0],[1.7345917000202462],['Target'],53,0,53,0,92.94951730000321,,10,92.93530929996632,92.94951730000321,92.94951730000321,0.0316900999750942,93.95389340003021,94.66999319999013,[-0.019444444444444445],[-0.04861111111111111],[1],[0],[0],[1.7345917000202462],['Target'],0002,001,2025-09-30_16h02.16.707,visual search,,2025.1.1,60.16191979119983,2025-09-30 16h03.58.894674 +0530,
54,0,54,[-0.15833333333333333],[0.44583333333333336],[1],[0],[0],[1.42050929996185],['Target'],54,0,54,0,94.71646200004034,,10,94.69981140003074,94.71646200004034,94.71646200004034,0.029588600038550794,95.7178689999273,96.12043749995064,[-0.15833333333333333],[0.44583333333333336],[1],[0],[0],[1.42050929996185],['Target'],0002,001,2025-09-30_16h02.16.707,visual search,,2025.1.1,60.16191979119983,2025-09-30 16h03.58.894674 +0530,
55,0,55,[0.21666666666666667],[-0.24444444444444444],[1],[0],[0],[1.1615627000574023],['Target'],55,0,55,0,96.14985689998139,,5,96.14025659998879,96.14985689998139,96.14985689998139,0.01961630000732839,97.15145689994097,97.30189540004358,[0.21666666666666667],[-0.24444444444444444],[1],[0],[0],[1.1615627000574023],['Target'],0002,001,2025-09-30_16h02.16.707,visual search,,2025.1.1,60.16191979119983,2025-09-30 16h03.58.894674 +0530,
56,0,56,[-0.3541666666666667],[0.20694444444444443],[1],[0],[0],[1.3184791000094265],['Target'],56,0,56,0,97.3332306999946,,5,97.31958130002022,97.3332306999946,97.3332306999946,0.017496900050900877,98.3348066000035,98.63824739994016,[-0.3541666666666667],[0.20694444444444443],[1],[0],[0],[1.3184791000094265],['Target'],0002,001,2025-09-30_16h02.16.707,visual search,,2025.1.1,60.16191979119983,2025-09-30 16h03.58.894674 +0530,
57,0,57,[0.06944444444444445],[0.034722222222222224],[1],[0],[0],[1.2343404000857845],['Target'],57,0,57,0,98.66665629995987,,5,98.6547530000098,98.66665629995987,98.66665629995987,0.016197900054976344,99.66917120001744,99.88920710003003,[0.06944444444444445],[0.034722222222222224],[1],[0],[0],[1.2343404000857845],['Target'],0002,001,2025-09-30_16h02.16.707,visual search,,2025.1.1,60.16191979119983,2025-09-30 16h03.58.894674 +0530,
58,0,58,[0.005555555555555556],[0.11666666666666667],[1],[0],[0],[1.1859925999306142],['Target'],58,0,58,0,99.93352510000113,,10,99.91997259994969,99.93352510000113,99.93352510000113,0.03057300008367747,100.93624559999444,101.10610350000206,[0.005555555555555556],[0.11666666666666667],[1],[0],[0],[1.1859925999306142],['Target'],0002,001,2025-09-30_16h02.16.707,visual search,,2025.1.1,60.16191979119983,2025-09-30 16h03.58.894674 +0530,
59,0,59,[-0.11527777777777778],[0.2013888888888889],[1],[0],[0],[1.0295092000160366],['Target'],59,0,59,0,101.13360689999536,,5,101.12413569993805,101.13360689999536,101.13360689999536,0.01770970004145056,102.13633190002292,102.15375579998363,[-0.11527777777777778],[0.2013888888888889],[1],[0],[0],[1.0295092000160366],['Target'],0002,001,2025-09-30_16h02.16.707,visual search,,2025.1.1,60.16191979119983,2025-09-30 16h03.58.894674 +0530,
60,0,60,[-0.07777777777777778],[-0.12222222222222222],[1],[0],[0],[1.1149979999754578],['Target'],60,0,60,0,102.18330269993749,,5,102.17222309997305,102.18330269993749,102.18330269993749,0.018311099964194,103.18487839994486,103.2873186999932,[-0.07777777777777778],[-0.12222222222222222],[1],[0],[0],[1.1149979999754578],['Target'],0002,001,2025-09-30_16h02.16.707,visual search,,2025.1.1,60.16191979119983,2025-09-30 16h03.58.894674 +0530,
61,0,61,[-0.20277777777777778],[0.1763888888888889],[1],[0],[0],[1.0372874999884516],['Target'],61,0,61,0,103.33341279998422,,10,103.31721440004185,103.33341279998422,103.33341279998422,0.029727300046943128,104.33665349998046,104.35461449995637,[-0.20277777777777778],[0.1763888888888889],[1],[0],[0],[1.0372874999884516],['Target'],0002,001,2025-09-30_16h02.16.707,visual search,,2025.1.1,60.16191979119983,2025-09-30 16h03.58.894674 +0530,
62,0,62,[0.30277777777777776],[-0.05277777777777778],[1],[0],[0],[1.1982757999794558],['Target'],62,0,62,0,104.38353550003376,,5,104.37269540003035,104.38353550003376,104.38353550003376,0.017882499960251153,105.3859893999761,105.57106680003926,[0.30277777777777776],[-0.05277777777777778],[1],[0],[0],[1.1982757999794558],['Target'],0002,001,2025-09-30_16h02.16.707,visual search,,2025.1.1,60.16191979119983,2025-09-30 16h03.58.894674 +0530,
63,0,63,[0.29583333333333334],[-0.4125],[1],[0],[0],[1.6363682999508455],['Target'],63,0,63,0,105.61699979996774,,10,105.6013919999823,105.61699979996774,105.61699979996774,0.030165200005285442,106.61827239999548,107.23786809993908,[0.29583333333333334],[-0.4125],[1],[0],[0],[1.6363682999508455],['Target'],0002,001,2025-09-30_16h02.16.707,visual search,,2025.1.1,60.16191979119983,2025-09-30 16h03.58.894674 +0530,
64,0,64,[-0.08055555555555556],[0.07916666666666666],[1],[0],[0],[1.1474568999838084],['Target'],64,0,64,0,107.26708629995119,,5,107.25617990002502,107.26708629995119,107.26708629995119,0.018135600024834275,108.26871329999994,108.40372129995376,[-0.08055555555555556],[0.07916666666666666],[1],[0],[0],[1.1474568999838084],['Target'],0002,001,2025-09-30_16h02.16.707,visual search,,2025.1.1,60.16191979119983,2025-09-30 16h03.58.894674 +0530,
65,0,65,[-0.2791666666666667],[0.4236111111111111],[1],[0],[0],[1.3713527999352664],['Target'],65,0,65,0,108.45033060002606,,10,108.43354859994724,108.45033060002606,108.45033060002606,0.029643100104294717,109.45335670001805,109.80498100002296,[-0.2791666666666667],[0.4236111111111111],[1],[0],[0],[1.3713527999352664],['Target'],0002,001,2025-09-30_16h02.16.707,visual search,,2025.1.1,60.16191979119983,2025-09-30 16h03.58.894674 +0530,
66,0,66,[0.30694444444444446],[0.33055555555555555],[1],[0],[0],[1.8395558999618515],['Target'],66,0,66,0,109.85094759997446,,10,109.83114220004063,109.85094759997446,109.85094759997446,0.02600209997035563,110.85358390002511,111.67077299999073,[0.30694444444444446],[0.33055555555555555],[1],[0],[0],[1.8395558999618515],['Target'],0002,001,2025-09-30_16h02.16.707,visual search,,2025.1.1,60.16191979119983,2025-09-30 16h03.58.894674 +0530,
67,0,67,[-0.1527777777777778],[0.2833333333333333],[1],[0],[0],[1.5407055999385193],['Target'],67,0,67,0,111.71783510001842,,10,111.6963104000315,111.71783510001842,111.71783510001842,0.025395900011062622,112.71958709997125,113.23709089995828,[-0.1527777777777778],[0.2833333333333333],[1],[0],[0],[1.5407055999385193],['Target'],0002,001,2025-09-30_16h02.16.707,visual search,,2025.1.1,60.16191979119983,2025-09-30 16h03.58.894674 +0530,
68,0,68,[0.32222222222222224],[-0.13055555555555556],[1],[0],[0],[1.3226552000269294],['Target'],68,0,68,0,113.26759860001039,,5,113.24941910000052,113.26759860001039,113.26759860001039,0.012171900016255677,114.26978410000447,114.5721629000036,[0.32222222222222224],[-0.13055555555555556],[1],[0],[0],[1.3226552000269294],['Target'],0002,001,2025-09-30_16h02.16.707,visual search,,2025.1.1,60.16191979119983,2025-09-30 16h03.58.894674 +0530,
69,0,69,[0.013888888888888888],[-0.175],[1],[0],[0],[1.2048156999517232],['Target'],69,0,69,0,114.61787790001836,,10,114.5989428999601,114.61787790001836,114.61787790001836,0.026619300013408065,115.61922490003053,115.80385020002723,[0.013888888888888888],[-0.175],[1],[0],[0],[1.2048156999517232],['Target'],0002,001,2025-09-30_16h02.16.707,visual search,,2025.1.1,60.16191979119983,2025-09-30 16h03.58.894674 +0530,
70,0,70,[0.23333333333333334],[0.09166666666666666],[1],[0],[0],[1.533400799962692],['Target'],70,0,70,0,115.86785619996954,,10,115.8373684999533,115.86785619996954,115.86785619996954,0.033316700020805,116.8703767999541,117.37083289993461,[0.23333333333333334],[0.09166666666666666],[1],[0],[0],[1.533400799962692],['Target'],0002,001,2025-09-30_16h02.16.707,visual search,,2025.1.1,60.16191979119983,2025-09-30 16h03.58.894674 +0530,
71,0,71,[0.018055555555555554],[-0.09583333333333334],[1],[0],[0],[1.236707300064154],['Target'],71,0,71,0,117.40127219993155,,5,117.38763419992756,117.40127219993155,117.40127219993155,0.016669000033289194,118.40294770000037,118.62455229996704,[0.018055555555555554],[-0.09583333333333334],[1],[0],[0],[1.236707300064154],['Target'],0002,001,2025-09-30_16h02.16.707,visual search,,2025.1.1,60.16191979119983,2025-09-30 16h03.58.894674 +0530,
72,0,72,[-0.020833333333333332],[-0.14027777777777778],[1],[0],[0],[0.8949843000154942],['Target'],72,0,72,0,118.65085420000833,,5,118.64251020003576,118.65085420000833,118.65085420000833,0.01762519998010248,,119.5375831000274,[-0.020833333333333332],[-0.14027777777777778],[1],[0],[0],[0.8949843000154942],['Target'],0002,001,2025-09-30_16h02.16.707,visual search,,2025.1.1,60.16191979119983,2025-09-30 16h03.58.894674 +0530,
73,0,73,[-0.3388888888888889],[0.2111111111111111],[1],[0],[0],[2.1605297999922186],['Target'],73,0,73,0,119.58463699999265,,10,119.56145219993778,119.58463699999265,119.58463699999265,0.023767200065776706,120.58616970002186,121.72206699999515,[-0.3388888888888889],[0.2111111111111111],[1],[0],[0],[2.1605297999922186],['Target'],0002,001,2025-09-30_16h02.16.707,visual search,,2025.1.1,60.16191979119983,2025-09-30 16h03.58.894674 +0530,
74,0,74,[-0.04027777777777778],[0.07916666666666666],[1],[0],[0],[1.256470499909483],['Target'],74,0,74,0,121.7687371999491,,10,121.7487117999699,121.7687371999491,121.7687371999491,0.026333799934946,122.76945100002922,123.00528269994538,[-0.04027777777777778],[0.07916666666666666],[1],[0],[0],[1.256470499909483],['Target'],0002,001,2025-09-30_16h02.16.707,visual search,,2025.1.1,60.16191979119983,2025-09-30 16h03.58.894674 +0530,
75,0,75,[0.49444444444444446],[-0.15833333333333333],[1],[0],[0],[1.6350851999595761],['Target'],75,0,75,0,123.03501130000222,,5,123.02006380003877,123.03501130000222,123.03501130000222,0.014545400044880807,124.03674909996334,124.65523579996079,[0.49444444444444446],[-0.15833333333333333],[1],[0],[0],[1.6350851999595761],['Target'],0002,001,2025-09-30_16h02.16.707,visual search,,2025.1.1,60.16191979119983,2025-09-30 16h03.58.894674 +0530,
76,0,76,[0.3347222222222222],[-0.06944444444444445],[1],[0],[0],[1.0555108999833465],['Target'],76,0,76,0,124.70206050004344,,10,124.68336359993555,124.70206050004344,124.70206050004344,0.027976499986834824,125.70273789996281,125.73898869997356,[0.3347222222222222],[-0.06944444444444445],[1],[0],[0],[1.0555108999833465],['Target'],0002,001,2025-09-30_16h02.16.707,visual search,,2025.1.1,60.16191979119983,2025-09-30 16h03.58.894674 +0530,
77,0,77,[-0.29305555555555557],[-0.034722222222222224],[1],[0],[0],[1.3979209000244737],['Target'],77,0,77,0,125.76799319998827,,5,125.75753629999235,125.76799319998827,125.76799319998827,0.018360499991104007,126.76996299996972,127.15556989994366,[-0.29305555555555557],[-0.034722222222222224],[1],[0],[0],[1.3979209000244737],['Target'],0002,001,2025-09-30_16h02.16.707,visual search,,2025.1.1,60.16191979119983,2025-09-30 16h03.58.894674 +0530,
78,0,78,[0.40555555555555556],[0.40694444444444444],[1],[0],[0],[1.734592100023292],['Target'],78,0,78,0,127.20150229998399,,10,127.18657609994989,127.20150229998399,127.20150229998399,0.030841700034216046,128.20327769999858,128.92125729995314,[0.40555555555555556],[0.40694444444444444],[1],[0],[0],[1.734592100023292],['Target'],0002,001,2025-09-30_16h02.16.707,visual search,,2025.1.1,60.16191979119983,2025-09-30 16h03.58.894674 +0530,
79,0,79,[0.008333333333333333],[0.5],[1],[0],[0],[2.400683999992907],['Target'],79,0,79,0,128.951610899996,,5,128.93963639996946,128.951610899996,128.951610899996,0.018196000019088387,129.95410959993023,131.34043710003607,[0.008333333333333333],[0.5],[1],[0],[0],[2.400683999992907],['Target'],0002,001,2025-09-30_16h02.16.707,visual search,,2025.1.1,60.16191979119983,2025-09-30 16h03.58.894674 +0530,
80,0,80,[0.07777777777777778],[0.4652777777777778],[1],[0],[0],[1.083253899938427],['Target'],80,0,80,0,131.36838989995886,,5,131.35524019994773,131.36838989995886,131.36838989995886,0.014615199994295835,132.37053920002654,132.4385814999696,[0.07777777777777778],[0.4652777777777778],[1],[0],[0],[1.083253899938427],['Target'],0002,001,2025-09-30_16h02.16.707,visual search,,2025.1.1,60.16191979119983,2025-09-30 16h03.58.894674 +0530,
81,0,81,[-0.10555555555555556],[0.3375],[1],[0],[0],[1.2529693000251427],['Target'],81,0,81,0,132.4852000999963,,10,132.46877649996895,132.4852000999963,132.4852000999963,0.030025299987755716,133.48663950001355,133.72185870003887,[-0.10555555555555556],[0.3375],[1],[0],[0],[1.2529693000251427],['Target'],0002,001,2025-09-30_16h02.16.707,visual search,,2025.1.1,60.16191979119983,2025-09-30 16h03.58.894674 +0530,
82,0,82,[-0.10277777777777777],[-0.016666666666666666],[1],[0],[0],[1.1142461000708863],['Target'],82,0,82,0,133.75164929998573,,5,133.74182340002153,133.75164929998573,133.75164929998573,0.01965959998778999,134.75348780001514,134.85621550003998,[-0.10277777777777777],[-0.016666666666666666],[1],[0],[0],[1.1142461000708863],['Target'],0002,001,2025-09-30_16h02.16.707,visual search,,2025.1.1,60.16191979119983,2025-09-30 16h03.58.894674 +0530,
83,0,83,[0.022222222222222223],[0.14722222222222223],[1],[0],[0],[1.0693512000143528],['Target'],83,0,83,0,134.88540170004126,,5,134.8720681000268,134.88540170004126,134.88540170004126,0.015699499985203147,135.8880397999892,135.94161879993044,[0.022222222222222223],[0.14722222222222223],[1],[0],[0],[1.0693512000143528],['Target'],0002,001,2025-09-30_16h02.16.707,visual search,,2025.1.1,60.16191979119983,2025-09-30 16h03.58.894674 +0530,
84,0,84,[-0.12638888888888888],[-0.03888888888888889],[1],[0],[0],[1.0943812999175861],['Target'],84,0,84,0,135.96856179996394,,5,135.96044599998277,135.96856179996394,135.96856179996394,0.018443099921569228,136.97112170001492,137.054999499931,[-0.12638888888888888],[-0.03888888888888889],[1],[0],[0],[1.0943812999175861],['Target'],0002,001,2025-09-30_16h02.16.707,visual search,,2025.1.1,60.16191979119983,2025-09-30 16h03.58.894674 +0530,
85,0,85,[-0.37777777777777777],[0.25277777777777777],[1],[0],[0],[2.4858993999660015],['Target'],85,0,85,0,137.1019854999613,,10,137.0865980000235,137.1019854999613,137.1019854999613,0.03143670002464205,138.10386269993614,139.57256609993055,[-0.37777777777777777],[0.25277777777777777],[1],[0],[0],[2.4858993999660015],['Target'],0002,001,2025-09-30_16h02.16.707,visual search,,2025.1.1,60.16191979119983,2025-09-30 16h03.58.894674 +0530,
86,0,86,[-0.4166666666666667],[0.35694444444444445],[1],[0],[0],[1.1849962000269443],['Target'],86,0,86,0,139.63594840001315,,10,139.60488639993127,139.63594840001315,139.63594840001315,0.03217440005391836,140.63833899993915,140.79000409995206,[-0.4166666666666667],[0.35694444444444445],[1],[0],[0],[1.1849962000269443],['Target'],0002,001,2025-09-30_16h02.16.707,visual search,,2025.1.1,60.16191979119983,2025-09-30 16h03.58.894674 +0530,
87,0,87,[0.2791666666666667],[0.10694444444444444],[1],[0],[0],[1.2192999999970198],['Target'],87,0,87,0,140.81970929994714,,5,140.80516710004304,140.81970929994714,140.81970929994714,0.014944800059311092,141.8206935999915,142.02444299997296,[0.2791666666666667],[0.10694444444444444],[1],[0],[0],[1.2192999999970198],['Target'],0002,001,2025-09-30_16h02.16.707,visual search,,2025.1.1,60.16191979119983,2025-09-30 16h03.58.894674 +0530,
88,0,88,[0.21666666666666667],[0.32916666666666666],[1],[0],[0],[1.166856599971652],['Target'],88,0,88,0,142.05260149994865,,5,142.03912750002928,142.05260149994865,142.05260149994865,0.014575299923308194,143.05564239993691,143.20607910002582,[0.21666666666666667],[0.32916666666666666],[1],[0],[0],[1.166856599971652],['Target'],0002,001,2025-09-30_16h02.16.707,visual search,,2025.1.1,60.16191979119983,2025-09-30 16h03.58.894674 +0530,
89,0,89,[0.020833333333333332],[0.42916666666666664],[1],[0],[0],[1.0168762999819592],['Target'],89,0,89,0,143.2360954999458,,5,143.22188229998574,143.2360954999458,143.2360954999458,0.015668799984268844,144.23698159994092,144.23884000000544,[0.020833333333333332],[0.42916666666666664],[1],[0],[0],[1.0168762999819592],['Target'],0002,001,2025-09-30_16h02.16.707,visual search,,2025.1.1,60.16191979119983,2025-09-30 16h03.58.894674 +0530,
90,0,90,[-0.2013888888888889],[-0.18055555555555555],[1],[0],[0],[1.73594109993428],['Target'],90,0,90,0,144.28613170003518,,10,144.27066969999578,144.28613170003518,144.28613170003518,0.03165160003118217,145.2872534999624,146.0067105999915,[-0.2013888888888889],[-0.18055555555555555],[1],[0],[0],[1.73594109993428],['Target'],0002,001,2025-09-30_16h02.16.707,visual search,,2025.1.1,60.16191979119983,2025-09-30 16h03.58.894674 +0530,
91,0,91,[-0.38333333333333336],[0.4722222222222222],[1],[0],[0],[3.0019187999423593],['Target'],91,0,91,0,146.03623700002208,,5,146.02276540000457,146.03623700002208,146.03623700002208,0.01574329996947199,147.03791159996763,149.0247881000396,[-0.38333333333333336],[0.4722222222222222],[1],[0],[0],[3.0019187999423593],['Target'],0002,001,2025-09-30_16h02.16.707,visual search,,2025.1.1,60.16191979119983,2025-09-30 16h03.58.894674 +0530,
92,0,92,[-0.16944444444444445],[-0.38055555555555554],[1],[0],[0],[1.5395961999893188],['Target'],92,0,92,0,149.06985189998522,,10,149.05218060000334,149.06985189998522,149.06985189998522,0.027219100040383637,150.07191910000984,150.59192369994707,[-0.16944444444444445],[-0.38055555555555554],[1],[0],[0],[1.5395961999893188],['Target'],0002,001,2025-09-30_16h02.16.707,visual search,,2025.1.1,60.16191979119983,2025-09-30 16h03.58.894674 +0530,
93,0,93,[0.44305555555555554],[0.08194444444444444],[1],[0],[0],[1.5985910999588668],['Target'],93,0,93,0,150.61958139995113,,5,150.60993549996056,150.61958139995113,150.61958139995113,0.01763850008137524,151.62043180002365,152.208681399934,[0.44305555555555554],[0.08194444444444444],[1],[0],[0],[1.5985910999588668],['Target'],0002,001,2025-09-30_16h02.16.707,visual search,,2025.1.1,60.16191979119983,2025-09-30 16h03.58.894674 +0530,
94,0,94,[0.42777777777777776],[0.2833333333333333],[1],[0],[0],[1.1697681999066845],['Target'],94,0,94,0,152.25346469995566,,10,152.2359385000309,152.25346469995566,152.25346469995566,0.027004199917428195,153.25401120004244,153.40579969994724,[0.42777777777777776],[0.2833333333333333],[1],[0],[0],[1.1697681999066845],['Target'],0002,001,2025-09-30_16h02.16.707,visual search,,2025.1.1,60.16191979119983,2025-09-30 16h03.58.894674 +0530,
95,0,95,[-0.06944444444444445],[-0.43194444444444446],[1],[0],[0],[1.849077899940312],['Target'],95,0,95,0,153.43627810000908,,5,153.4236977000255,153.43627810000908,153.43627810000908,0.01764430000912398,154.43860330001917,155.27286070003174,[-0.06944444444444445],[-0.43194444444444446],[1],[0],[0],[1.849077899940312],['Target'],0002,001,2025-09-30_16h02.16.707,visual search,,2025.1.1,60.16191979119983,2025-09-30 16h03.58.894674 +0530,
96,0,96,[0.03194444444444444],[-0.3680555555555556],[1],[0],[0],[1.7668135000858456],['Target'],96,0,96,0,155.3209041999653,,10,155.3057720999932,155.3209041999653,155.3209041999653,0.0326511999592185,156.3214394999668,157.07267559994943,[0.03194444444444444],[-0.3680555555555556],[1],[0],[0],[1.7668135000858456],['Target'],0002,001,2025-09-30_16h02.16.707,visual search,,2025.1.1,60.16191979119983,2025-09-30 16h03.58.894674 +0530,
97,0,97,[0.17916666666666667],[0.4125],[1],[0],[0],[1.8480239000637084],['Target'],97,0,97,0,157.10289839992765,,5,157.09135999996215,157.10289839992765,157.10289839992765,0.018491300055757165,158.10444739996456,158.93948659999296,[0.17916666666666667],[0.4125],[1],[0],[0],[1.8480239000637084],['Target'],0002,001,2025-09-30_16h02.16.707,visual search,,2025.1.1,60.16191979119983,2025-09-30 16h03.58.894674 +0530,
98,0,98,[-0.2013888888888889],[-0.4527777777777778],[1],[0],[0],[1.887959499959834],['Target'],98,0,98,0,158.9862949999515,,10,158.97111119993497,158.9862949999515,158.9862949999515,0.031406300025992095,159.98874579998665,160.85921170003712,[-0.2013888888888889],[-0.4527777777777778],[1],[0],[0],[1.887959499959834],['Target'],0002,001,2025-09-30_16h02.16.707,visual search,,2025.1.1,60.16191979119983,2025-09-30 16h03.58.894674 +0530,
99,0,99,[0.42083333333333334],[0.4444444444444444],[1],[0],[0],[1.9042139999801293],['Target'],99,0,99,0,160.9033507000422,,10,160.88685430004261,160.9033507000422,160.9033507000422,0.02728969999589026,161.90555210004095,162.7911605000263,[0.42083333333333334],[0.4444444444444444],[1],[0],[0],[1.9042139999801293],['Target'],0002,001,2025-09-30_16h02.16.707,visual search,,2025.1.1,60.16191979119983,2025-09-30 16h03.58.894674 +0530,
100,0,100,[0.175],[0.475],[1],[0],[0],[2.2589238999644294],['Target'],100,0,100,0,162.83659399999306,,10,162.81602759996895,162.83659399999306,162.83659399999306,0.024685299955308437,163.83902449999005,165.07514359999914,[0.175],[0.475],[1],[0],[0],[2.2589238999644294],['Target'],0002,001,2025-09-30_16h02.16.707,visual search,,2025.1.1,60.16191979119983,2025-09-30 16h03.58.894674 +0530,
101,0,101,[0.2263888888888889],[-0.1763888888888889],[1],[0],[0],[1.535033700056374],['Target'],101,0,101,0,165.1039251999464,,5,165.0904775999952,165.1039251999464,165.1039251999464,0.015145899960771203,166.1058178000385,166.6256330999313,[0.2263888888888889],[-0.1763888888888889],[1],[0],[0],[1.535033700056374],['Target'],0002,001,2025-09-30_16h02.16.707,visual search,,2025.1.1,60.16191979119983,2025-09-30 16h03.58.894674 +0530,
102,0,102,[0.38472222222222224],[0.4027777777777778],[1],[0],[0],[1.7366299000568688],['Target'],102,0,102,0,166.6709065999603,,10,166.6530291000381,166.6709065999603,166.6709065999603,0.027136499993503094,167.67250510002486,168.3897438000422,[0.38472222222222224],[0.4027777777777778],[1],[0],[0],[1.7366299000568688],['Target'],0002,001,2025-09-30_16h02.16.707,visual search,,2025.1.1,60.16191979119983,2025-09-30 16h03.58.894674 +0530,
103,0,103,[-0.1],[0.275],[1],[0],[0],[1.2725944999838248],['Target'],103,0,103,0,168.43707200000063,,10,168.41751870000735,168.43707200000063,168.43707200000063,0.02759359998162836,169.43975419993512,169.69018779997714,[-0.1],[0.275],[1],[0],[0],[1.2725944999838248],['Target'],0002,001,2025-09-30_16h02.16.707,visual search,,2025.1.1,60.16191979119983,2025-09-30 16h03.58.894674 +0530,
104,0,104,[-0.26805555555555555],[0.2777777777777778],[1],[0],[0],[1.3056962999980897],['Target'],104,0,104,0,169.73696030001156,,10,169.71802949998528,169.73696030001156,169.73696030001156,0.027689200011081994,170.73919749993365,171.02381249994505,[-0.26805555555555555],[0.2777777777777778],[1],[0],[0],[1.3056962999980897],['Target'],0002,001,2025-09-30_16h02.16.707,visual search,,2025.1.1,60.16191979119983,2025-09-30 16h03.58.894674 +0530,
105,0,105,[0.3194444444444444],[0.2],[1],[0],[0],[1.3833356000250205],['Target'],105,0,105,0,171.0706796000013,,10,171.05829680000897,171.0706796000013,171.0706796000013,0.03426970005966723,172.07247549993917,172.44175719993655,[0.3194444444444444],[0.2],[1],[0],[0],[1.3833356000250205],['Target'],0002,001,2025-09-30_16h02.16.707,visual search,,2025.1.1,60.16191979119983,2025-09-30 16h03.58.894674 +0530,
106,0,106,[-0.3958333333333333],[-0.29583333333333334],[1],[0],[0],[1.5403235000558197],['Target'],106,0,106,0,172.4876276999712,,10,172.46963489998598,172.4876276999712,172.4876276999712,0.027643500012345612,173.48983269999735,174.0101108000381,[-0.3958333333333333],[-0.29583333333333334],[1],[0],[0],[1.5403235000558197],['Target'],0002,001,2025-09-30_16h02.16.707,visual search,,2025.1.1,60.16191979119983,2025-09-30 16h03.58.894674 +0530,
107,0,107,[-0.26805555555555555],[0.11805555555555555],[1],[0],[0],[1.2927673000376672],['Target'],107,0,107,0,174.0542522999458,,5,174.03094630001578,174.0542522999458,174.0542522999458,0.020458700018934906,175.05666120001115,175.3237833000021,[-0.26805555555555555],[0.11805555555555555],[1],[0],[0],[1.2927673000376672],['Target'],0002,001,2025-09-30_16h02.16.707,visual search,,2025.1.1,60.16191979119983,2025-09-30 16h03.58.894674 +0530,
108,0,108,[0.3055555555555556],[0.4125],[1],[0],[0],[1.6580263000214472],['Target'],108,0,108,0,175.37083409994375,,10,175.3490478999447,175.37083409994375,175.37083409994375,0.025132400100119412,176.37325659999624,177.0071477999445,[0.3055555555555556],[0.4125],[1],[0],[0],[1.6580263000214472],['Target'],0002,001,2025-09-30_16h02.16.707,visual search,,2025.1.1,60.16191979119983,2025-09-30 16h03.58.894674 +0530,
109,0,109,[-0.14722222222222223],[-0.2847222222222222],[1],[0],[0],[1.3861719000851735],['Target'],109,0,109,0,177.03737499995623,,5,177.02376639994327,177.03737499995623,177.03737499995623,0.01649479998741299,178.04029439995065,178.41008629999124,[-0.14722222222222223],[-0.2847222222222222],[1],[0],[0],[1.3861719000851735],['Target'],0002,001,2025-09-30_16h02.16.707,visual search,,2025.1.1,60.16191979119983,2025-09-30 16h03.58.894674 +0530,
110,0,110,[0.3375],[0.35833333333333334],[1],[0],[0],[1.3460282000014558],['Target'],110,0,110,0,178.43775159993675,,5,178.42713289998937,178.43775159993675,178.43775159993675,0.016726900008507073,179.44009259995073,179.77325680002104,[0.3375],[0.35833333333333334],[1],[0],[0],[1.3460282000014558],['Target'],0002,001,2025-09-30_16h02.16.707,visual search,,2025.1.1,60.16191979119983,2025-09-30 16h03.58.894674 +0530,
111,0,111,[-0.4722222222222222],[-0.022222222222222223],[1],[0],[0],[1.2229821999790147],['Target'],111,0,111,0,179.80411729996558,,5,179.786969400011,179.80411729996558,179.80411729996558,0.013531800010241568,180.8055963999359,181.01008999999613,[-0.4722222222222222],[-0.022222222222222223],[1],[0],[0],[1.2229821999790147],['Target'],0002,001,2025-09-30_16h02.16.707,visual search,,2025.1.1,60.16191979119983,2025-09-30 16h03.58.894674 +0530,
112,0,112,[-0.4791666666666667],[-0.2125],[1],[0],[0],[1.4520824999781325],['Target'],112,0,112,0,181.05441460001748,,10,181.04088590003084,181.05441460001748,181.05441460001748,0.030517500010319054,182.0569397000363,182.49310530000366,[-0.4791666666666667],[-0.2125],[1],[0],[0],[1.4520824999781325],['Target'],0002,001,2025-09-30_16h02.16.707,visual search,,2025.1.1,60.16191979119983,2025-09-30 16h03.58.894674 +0530,
113,0,113,[0.41388888888888886],[-0.1527777777777778],[1],[0],[0],[1.5156165000516921],['Target'],113,0,113,0,182.5209446999943,,5,182.51205080002546,182.5209446999943,182.5209446999943,0.01871430000755936,183.52278220001608,184.02779960003681,[0.41388888888888886],[-0.1527777777777778],[1],[0],[0],[1.5156165000516921],['Target'],0002,001,2025-09-30_16h02.16.707,visual search,,2025.1.1,60.16191979119983,2025-09-30 16h03.58.894674 +0530,
114,0,114,[0.24861111111111112],[-0.4666666666666667],[1],[0],[0],[1.81338790000882],['Target'],114,0,114,0,184.07199999992736,,5,184.04649039998185,184.07199999992736,184.07199999992736,0.018454000004567206,185.07373730000108,185.8599839999806,[0.24861111111111112],[-0.4666666666666667],[1],[0],[0],[1.81338790000882],['Target'],0002,001,2025-09-30_16h02.16.707,visual search,,2025.1.1,60.16191979119983,2025-09-30 16h03.58.894674 +0530,
115,0,115,[0.3958333333333333],[0.475],[1],[0],[0],[1.8855438999598846],['Target'],115,0,115,0,185.90478480001912,,10,185.8894067000365,185.90478480001912,185.90478480001912,0.029227799968793988,186.90678910003044,187.77509629994165,[0.3958333333333333],[0.475],[1],[0],[0],[1.8855438999598846],['Target'],0002,001,2025-09-30_16h02.16.707,visual search,,2025.1.1,60.16191979119983,2025-09-30 16h03.58.894674 +0530,
116,0,116,[-0.09861111111111111],[0.4222222222222222],[1],[0],[0],[1.917352300020866],['Target'],116,0,116,0,187.80476400000043,,5,187.79059709992725,187.80476400000043,187.80476400000043,0.015175399952568114,188.80674259993248,189.70804970001336,[-0.09861111111111111],[0.4222222222222222],[1],[0],[0],[1.917352300020866],['Target'],0002,001,2025-09-30_16h02.16.707,visual search,,2025.1.1,60.16191979119983,2025-09-30 16h03.58.894674 +0530,
117,0,117,[0.4375],[0.1638888888888889],[1],[0],[0],[1.7551645999774337],['Target'],117,0,117,0,189.73891690000892,,5,189.7205995999975,189.73891690000892,189.73891690000892,0.01235970004927367,190.7410865999991,191.47586799995042,[0.4375],[0.1638888888888889],[1],[0],[0],[1.7551645999774337],['Target'],0002,001,2025-09-30_16h02.16.707,visual search,,2025.1.1,60.16191979119983,2025-09-30 16h03.58.894674 +0530,
118,0,118,[0.3486111111111111],[0.11527777777777778],[1],[0],[0],[1.3538118000142276],['Target'],118,0,118,0,191.5216207000194,,10,191.50554559996817,191.5216207000194,191.5216207000194,0.029497499926947057,192.52365650003776,192.8594692000188,[0.3486111111111111],[0.11527777777777778],[1],[0],[0],[1.3538118000142276],['Target'],0002,001,2025-09-30_16h02.16.707,visual search,,2025.1.1,60.16191979119983,2025-09-30 16h03.58.894674 +0530,
119,0,119,[-0.19722222222222222],[0.0375],[1],[0],[0],[1.3575507999630645],['Target'],119,0,119,0,192.9057270999765,,10,192.8858351999661,192.9057270999765,192.9057270999765,0.026115200016647577,193.90755020000506,194.24351459997706,[-0.19722222222222222],[0.0375],[1],[0],[0],[1.3575507999630645],['Target'],0002,001,2025-09-30_16h02.16.707,visual search,,2025.1.1,60.16191979119983,2025-09-30 16h03.58.894674 +0530,
120,0,120,[0.3013888888888889],[0.12222222222222222],[1],[0],[0],[1.3995893999235705],['Target'],120,0,120,0,194.27210369997192,,5,194.25850110000465,194.27210369997192,194.27210369997192,0.014730100054293871,195.27358659997117,195.65816889994312,[0.3013888888888889],[0.12222222222222222],[1],[0],[0],[1.3995893999235705],['Target'],0002,001,2025-09-30_16h02.16.707,visual search,,2025.1.1,60.16191979119983,2025-09-30 16h03.58.894674 +0530,
121,0,121,[0.22777777777777777],[0.4777777777777778],[1],[0],[0],[1.8868718000594527],['Target'],121,0,121,0,195.70539030001964,,10,195.68797379999887,195.70539030001964,195.70539030001964,0.029641299974173307,196.7064490999328,197.5749415999744,[0.22777777777777777],[0.4777777777777778],[1],[0],[0],[1.8868718000594527],['Target'],0002,001,2025-09-30_16h02.16.707,visual search,,2025.1.1,60.16191979119983,2025-09-30 16h03.58.894674 +0530,
122,0,122,[-0.35833333333333334],[0.3736111111111111],[1],[0],[0],[1.4160628999816254],['Target'],122,0,122,0,197.60501499997918,,5,197.59219460003078,197.60501499997918,197.60501499997918,0.017054300056770444,198.60687449993566,199.00834299996495,[-0.35833333333333334],[0.3736111111111111],[1],[0],[0],[1.4160628999816254],['Target'],0002,001,2025-09-30_16h02.16.707,visual search,,2025.1.1,60.16191979119983,2025-09-30 16h03.58.894674 +0530,
123,0,123,[0.20416666666666666],[0.19583333333333333],[1],[0],[0],[1.4508048000279814],['Target'],123,0,123,0,199.03854750003666,,5,199.02596050000284,199.03854750003666,199.03854750003666,0.01739990001078695,200.04053330002353,200.47687210002914,[0.20416666666666666],[0.19583333333333333],[1],[0],[0],[1.4508048000279814],['Target'],0002,001,2025-09-30_16h02.16.707,visual search,,2025.1.1,60.16191979119983,2025-09-30 16h03.58.894674 +0530,
124,0,124,[-0.1638888888888889],[0.34305555555555556],[1],[0],[0],[1.3020562999881804],['Target'],124,0,124,0,200.50616839993745,,5,200.491760600009,200.50616839993745,200.50616839993745,0.014723700005561113,201.50758490001317,201.79396409995388,[-0.1638888888888889],[0.34305555555555556],[1],[0],[0],[1.3020562999881804],['Target'],0002,001,2025-09-30_16h02.16.707,visual search,,2025.1.1,60.16191979119983,2025-09-30 16h03.58.894674 +0530,
125,0,125,[-0.05416666666666667],[-0.4097222222222222],[1],[0],[0],[1.730914399959147],['Target'],125,0,125,0,201.82242390001193,,5,201.8112096999539,201.82242390001193,201.82242390001193,0.01698339998256415,202.8233443000354,203.5422248999821,[-0.05416666666666667],[-0.4097222222222222],[1],[0],[0],[1.730914399959147],['Target'],0002,001,2025-09-30_16h02.16.707,visual search,,2025.1.1,60.16191979119983,2025-09-30 16h03.58.894674 +0530,
126,0,126,[0.3861111111111111],[0.20972222222222223],[1],[0],[0],[1.3888688998995349],['Target'],126,0,126,0,203.58910049998667,,10,203.56958430004306,203.58910049998667,203.58910049998667,0.027216700022108853,204.5900576999411,204.95852829993237,[0.3861111111111111],[0.20972222222222223],[1],[0],[0],[1.3888688998995349],['Target'],0002,001,2025-09-30_16h02.16.707,visual search,,2025.1.1,60.16191979119983,2025-09-30 16h03.58.894674 +0530,
127,0,127,[0.04027777777777778],[-0.4666666666666667],[1],[0],[0],[2.4156559000257403],['Target'],127,0,127,0,204.98897379997652,,5,204.9770370000042,204.98897379997652,204.98897379997652,0.018312099971808493,205.99076910002623,207.3927741999505,[0.04027777777777778],[-0.4666666666666667],[1],[0],[0],[2.4156559000257403],['Target'],0002,001,2025-09-30_16h02.16.707,visual search,,2025.1.1,60.16191979119983,2025-09-30 16h03.58.894674 +0530,
128,0,128,[0.175],[-0.05555555555555555],[1],[0],[0],[1.7809000000124797],['Target'],128,0,128,0,207.45812740002293,,10,207.4276199999731,207.45812740002293,207.45812740002293,0.03465300006791949,208.4590409999946,209.208586200024,[0.175],[-0.05555555555555555],[1],[0],[0],[1.7809000000124797],['Target'],0002,001,2025-09-30_16h02.16.707,visual search,,2025.1.1,60.16191979119983,2025-09-30 16h03.58.894674 +0530,
129,0,129,[-0.32083333333333336],[0.2361111111111111],[1],[0],[0],[1.5860617000143975],['Target'],129,0,129,0,209.23972589999903,,5,209.2227322999388,209.23972589999903,209.23972589999903,0.013965100049972534,210.24039900000207,210.80888929998036,[-0.32083333333333336],[0.2361111111111111],[1],[0],[0],[1.5860617000143975],['Target'],0002,001,2025-09-30_16h02.16.707,visual search,,2025.1.1,60.16191979119983,2025-09-30 16h03.58.894674 +0530,
130,0,130,[0.3638888888888889],[0.14444444444444443],[1],[0],[0],[2.034996400005184],['Target'],130,0,130,0,210.85574699996505,,10,210.84069809992798,210.85574699996505,210.85574699996505,0.03164279996417463,211.85760859993752,212.8757714999374,[0.3638888888888889],[0.14444444444444443],[1],[0],[0],[2.034996400005184],['Target'],0002,001,2025-09-30_16h02.16.707,visual search,,2025.1.1,60.16191979119983,2025-09-30 16h03.58.894674 +0530,
131,0,131,[0.09166666666666666],[0.20972222222222223],[1],[0],[0],[1.1969017999945208],['Target'],131,0,131,0,212.90587549994234,,5,212.89548730000388,212.90587549994234,212.90587549994234,0.019495799904689193,213.9088439999614,214.09245420002844,[0.09166666666666666],[0.20972222222222223],[1],[0],[0],[1.1969017999945208],['Target'],0002,001,2025-09-30_16h02.16.707,visual search,,2025.1.1,60.16191979119983,2025-09-30 16h03.58.894674 +0530,
132,0,132,[-0.4375],[0.2833333333333333],[1],[0],[0],[1.742747399955988],['Target'],132,0,132,0,214.14074729999993,,10,214.11906980001368,214.14074729999993,214.14074729999993,0.026500199921429157,215.14281749993097,215.86192960001063,[-0.4375],[0.2833333333333333],[1],[0],[0],[1.742747399955988],['Target'],0002,001,2025-09-30_16h02.16.707,visual search,,2025.1.1,60.16191979119983,2025-09-30 16h03.58.894674 +0530,
133,0,133,[-0.2513888888888889],[0.058333333333333334],[1],[0],[0],[1.5648510000901297],['Target'],133,0,133,0,215.88960929994937,,5,215.8778565999819,215.88960929994937,215.88960929994937,0.015652499976567924,216.89123940002173,217.4427917000139,[-0.2513888888888889],[0.058333333333333334],[1],[0],[0],[1.5648510000901297],['Target'],0002,001,2025-09-30_16h02.16.707,visual search,,2025.1.1,60.16191979119983,2025-09-30 16h03.58.894674 +0530,
134,0,134,[0.23055555555555557],[0.004166666666666667],[1],[0],[0],[1.7856670999899507],['Target'],134,0,134,0,217.48938849999104,,10,217.4736306000268,217.48938849999104,217.48938849999104,0.030681499978527427,218.49156340002082,219.2593790999381,[0.23055555555555557],[0.004166666666666667],[1],[0],[0],[1.7856670999899507],['Target'],0002,001,2025-09-30_16h02.16.707,visual search,,2025.1.1,60.16191979119983,2025-09-30 16h03.58.894674 +0530,
135,0,135,[0.013888888888888888],[0.06527777777777778],[1],[0],[0],[1.2483269000658765],['Target'],135,0,135,0,219.2896401999751,,5,219.27838729997166,219.2896401999751,219.2896401999751,0.01881360006518662,220.29148479993455,220.52679399994668,[0.013888888888888888],[0.06527777777777778],[1],[0],[0],[1.2483269000658765],['Target'],0002,001,2025-09-30_16h02.16.707,visual search,,2025.1.1,60.16191979119983,2025-09-30 16h03.58.894674 +0530,
136,0,136,[0.02638888888888889],[-0.4486111111111111],[1],[0],[0],[2.050175999989733],['Target'],136,0,136,0,220.5730832000263,,10,220.5592931000283,220.5730832000263,220.5730832000263,0.03234359994530678,221.57425830001011,222.60954999993555,[0.02638888888888889],[-0.4486111111111111],[1],[0],[0],[2.050175999989733],['Target'],0002,001,2025-09-30_16h02.16.707,visual search,,2025.1.1,60.16191979119983,2025-09-30 16h03.58.894674 +0530,
137,0,137,[0.42916666666666664],[0.3388888888888889],[1],[0],[0],[1.4194255999755114],['Target'],137,0,137,0,222.65633309993427,,10,222.6411216999404,222.65633309993427,222.65633309993427,0.03135970002040267,223.6583941000281,224.06067799997982,[0.42916666666666664],[0.3388888888888889],[1],[0],[0],[1.4194255999755114],['Target'],0002,001,2025-09-30_16h02.16.707,visual search,,2025.1.1,60.16191979119983,2025-09-30 16h03.58.894674 +0530,
138,0,138,[0.275],[0.49444444444444446],[1],[0],[0],[1.1502814000705257],['Target'],138,0,138,0,224.10657930001616,,10,224.0925046999473,224.10657930001616,224.10657930001616,0.03151490003801882,225.10824480000883,225.24290199996904,[0.275],[0.49444444444444446],[1],[0],[0],[1.1502814000705257],['Target'],0002,001,2025-09-30_16h02.16.707,visual search,,2025.1.1,60.16191979119983,2025-09-30 16h03.58.894674 +0530,
139,0,139,[-0.23194444444444445],[0.2263888888888889],[1],[0],[0],[1.2654901000205427],['Target'],139,0,139,0,225.2733745999867,,5,225.26111820002552,225.2733745999867,225.2733745999867,0.01802509999834001,226.27468929998577,226.5266972000245,[-0.23194444444444445],[0.2263888888888889],[1],[0],[0],[1.2654901000205427],['Target'],0002,001,2025-09-30_16h02.16.707,visual search,,2025.1.1,60.16191979119983,2025-09-30 16h03.58.894674 +0530,
140,0,140,[-0.07777777777777778],[0.37083333333333335],[1],[0],[0],[1.5014742000494152],['Target'],140,0,140,0,226.57327729999088,,10,226.55887399998028,226.57327729999088,226.57327729999088,0.031775500043295324,227.57540440000594,228.0604314999655,[-0.07777777777777778],[0.37083333333333335],[1],[0],[0],[1.5014742000494152],['Target'],0002,001,2025-09-30_16h02.16.707,visual search,,2025.1.1,60.16191979119983,2025-09-30 16h03.58.894674 +0530,
141,0,141,[-0.39166666666666666],[0.29305555555555557],[1],[0],[0],[1.6342391999205574],['Target'],141,0,141,0,228.09003900003154,,5,228.07921080000233,228.09003900003154,228.09003900003154,0.018584499950520694,229.09278509998694,229.7135456999531,[-0.39166666666666666],[0.29305555555555557],[1],[0],[0],[1.6342391999205574],['Target'],0002,001,2025-09-30_16h02.16.707,visual search,,2025.1.1,60.16191979119983,2025-09-30 16h03.58.894674 +0530,
142,0,142,[-0.044444444444444446],[-0.125],[1],[0],[0],[1.3178353999974206],['Target'],142,0,142,0,229.75767760002054,,10,229.74169659998734,229.75767760002054,229.75767760002054,0.027973299962468445,230.75958409998566,231.05960909998976,[-0.044444444444444446],[-0.125],[1],[0],[0],[1.3178353999974206],['Target'],0002,001,2025-09-30_16h02.16.707,visual search,,2025.1.1,60.16191979119983,2025-09-30 16h03.58.894674 +0530,
143,0,143,[0.3597222222222222],[-0.02361111111111111],[1],[0],[0],[1.3361146999523044],['Target'],143,0,143,0,231.09097070002463,,5,231.07744050002657,231.09097070002463,231.09097070002463,0.017645399901084602,232.09241739998106,232.4136956000002,[0.3597222222222222],[-0.02361111111111111],[1],[0],[0],[1.3361146999523044],['Target'],0002,001,2025-09-30_16h02.16.707,visual search,,2025.1.1,60.16191979119983,2025-09-30 16h03.58.894674 +0530,
144,0,144,[0.39166666666666666],[0.40694444444444444],[1],[0],[0],[1.6676041999598965],['Target'],144,0,144,0,232.4572521999944,,10,232.4436237999471,232.4572521999944,232.4572521999944,0.029652300057932734,233.45962480001617,234.11130310001317,[0.39166666666666666],[0.40694444444444444],[1],[0],[0],[1.6676041999598965],['Target'],0002,001,2025-09-30_16h02.16.707,visual search,,2025.1.1,60.16191979119983,2025-09-30 16h03.58.894674 +0530,
145,0,145,[-0.06944444444444445],[-0.29583333333333334],[1],[0],[0],[1.5073537999996915],['Target'],145,0,145,0,234.15755000000354,,10,234.13740460004192,234.15755000000354,234.15755000000354,0.025962700019590557,235.15974959998857,235.64486030000262,[-0.06944444444444445],[-0.29583333333333334],[1],[0],[0],[1.5073537999996915],['Target'],0002,001,2025-09-30_16h02.16.707,visual search,,2025.1.1,60.16191979119983,2025-09-30 16h03.58.894674 +0530,
146,0,146,[0.39444444444444443],[0.06388888888888888],[1],[0],[0],[1.478963500005193],['Target'],146,0,146,0,235.69126120000146,,5,235.66742559999693,235.69126120000146,235.69126120000146,0.022340800031088293,236.69209050002974,237.1465107999975,[0.39444444444444443],[0.06388888888888888],[1],[0],[0],[1.478963500005193],['Target'],0002,001,2025-09-30_16h02.16.707,visual search,,2025.1.1,60.16191979119983,2025-09-30 16h03.58.894674 +0530,
147,0,147,[-0.46944444444444444],[-0.25416666666666665],[1],[0],[0],[1.7523175000678748],['Target'],147,0,147,0,237.19105519994628,,10,237.1757748000091,237.19105519994628,237.19105519994628,0.029047399992123246,238.19254580000415,238.92818709998392,[-0.46944444444444444],[-0.25416666666666665],[1],[0],[0],[1.7523175000678748],['Target'],0002,001,2025-09-30_16h02.16.707,visual search,,2025.1.1,60.16191979119983,2025-09-30 16h03.58.894674 +0530,
148,0,148,[-0.33194444444444443],[0.3625],[1],[0],[0],[2.216515500098467],['Target'],148,0,148,0,238.95762739994098,,5,238.94463949999772,238.95762739994098,238.95762739994098,0.016231199959293008,239.9599331000354,241.16124189994298,[-0.33194444444444443],[0.3625],[1],[0],[0],[2.216515500098467],['Target'],0002,001,2025-09-30_16h02.16.707,visual search,,2025.1.1,60.16191979119983,2025-09-30 16h03.58.894674 +0530,
149,0,149,[0.3111111111111111],[-0.0763888888888889],[1],[0],[0],[1.301228699972853],['Target'],149,0,149,0,241.19210680003744,,5,241.17654739995487,241.19210680003744,241.19210680003744,0.015147399972192943,242.1922554000048,242.47786510002334,[0.3111111111111111],[-0.0763888888888889],[1],[0],[0],[1.301228699972853],['Target'],0002,001,2025-09-30_16h02.16.707,visual search,,2025.1.1,60.16191979119983,2025-09-30 16h03.58.894674 +0530,
150,0,150,[0.4583333333333333],[-0.13472222222222222],[1],[0],[0],[1.597277499968186],['Target'],150,0,150,0,242.52428000001237,,5,242.4972813000204,242.52428000001237,242.52428000001237,0.019258499960415065,243.5266743999673,244.09462749992963,[0.4583333333333333],[-0.13472222222222222],[1],[0],[0],[1.597277499968186],['Target'],0002,001,2025-09-30_16h02.16.707,visual search,,2025.1.1,60.16191979119983,2025-09-30 16h03.58.894674 +0530,
151,0,151,[-0.16805555555555557],[0.25416666666666665],[1],[0],[0],[2.387432500021532],['Target'],151,0,151,0,244.14166269998532,,10,244.1243273,244.14166269998532,244.14166269998532,0.02952240000013262,245.14422559994273,246.51184649998322,[-0.16805555555555557],[0.25416666666666665],[1],[0],[0],[2.387432500021532],['Target'],0002,001,2025-09-30_16h02.16.707,visual search,,2025.1.1,60.16191979119983,2025-09-30 16h03.58.894674 +0530,
152,0,152,[-0.14166666666666666],[0.2791666666666667],[1],[0],[0],[1.6385338000254706],['Target'],152,0,152,0,246.55817919992842,,10,246.54067070002202,246.55817919992842,246.55817919992842,0.028644700068980455,247.56061869999394,248.17935420002323,[-0.14166666666666666],[0.2791666666666667],[1],[0],[0],[1.6385338000254706],['Target'],0002,001,2025-09-30_16h02.16.707,visual search,,2025.1.1,60.16191979119983,2025-09-30 16h03.58.894674 +0530,
153,0,153,[-0.11944444444444445],[0.10416666666666667],[1],[0],[0],[1.2889932999387383],['Target'],153,0,153,0,248.22538940003142,,10,248.20562030002475,248.22538940003142,248.22538940003142,0.025965599925257266,249.22599760000594,249.49470040004235,[-0.11944444444444445],[0.10416666666666667],[1],[0],[0],[1.2889932999387383],['Target'],0002,001,2025-09-30_16h02.16.707,visual search,,2025.1.1,60.16191979119983,2025-09-30 16h03.58.894674 +0530,
154,0,154,[-0.4986111111111111],[-0.39166666666666666],[1],[0],[0],[1.8661799998953938],['Target'],154,0,154,0,249.55827659997158,,10,249.52828069997486,249.55827659997158,249.55827659997158,0.03323419997468591,250.56001969997305,251.3945719000185,[-0.4986111111111111],[-0.39166666666666666],[1],[0],[0],[1.8661799998953938],['Target'],0002,001,2025-09-30_16h02.16.707,visual search,,2025.1.1,60.16191979119983,2025-09-30 16h03.58.894674 +0530,
155,0,155,[-0.40555555555555556],[-0.4597222222222222],[1],[0],[0],[1.436215199995786],['Target'],155,0,155,0,251.4415169999702,,10,251.4251268999651,251.4415169999702,251.4415169999702,0.03034619998652488,252.4435947999591,252.8614249000093,[-0.40555555555555556],[-0.4597222222222222],[1],[0],[0],[1.436215199995786],['Target'],0002,001,2025-09-30_16h02.16.707,visual search,,2025.1.1,60.16191979119983,2025-09-30 16h03.58.894674 +0530,
156,0,156,[-0.4152777777777778],[-0.20416666666666666],[1],[0],[0],[1.3317192000104114],['Target'],156,0,156,0,252.89157049998175,,5,252.8800765000051,252.89157049998175,252.89157049998175,0.01835140003822744,253.8934799999697,254.21189559996128,[-0.4152777777777778],[-0.20416666666666666],[1],[0],[0],[1.3317192000104114],['Target'],0002,001,2025-09-30_16h02.16.707,visual search,,2025.1.1,60.16191979119983,2025-09-30 16h03.58.894674 +0530,
157,0,157,[-0.013888888888888888],[-0.23333333333333334],[1],[0],[0],[1.48518930003047],['Target'],157,0,157,0,254.2423285000259,,5,254.22594579996075,254.2423285000259,254.2423285000259,0.013867000001482666,255.24342559999786,255.71123429993168,[-0.013888888888888888],[-0.23333333333333334],[1],[0],[0],[1.48518930003047],['Target'],0002,001,2025-09-30_16h02.16.707,visual search,,2025.1.1,60.16191979119983,2025-09-30 16h03.58.894674 +0530,
158,0,158,[-0.22361111111111112],[-0.3541666666666667],[1],[0],[0],[1.1057440999429673],['Target'],158,0,158,0,255.75826899998356,,10,255.7387630000012,255.75826899998356,255.75826899998356,0.02734330005478114,256.7606503999559,256.8445907999994,[-0.22361111111111112],[-0.3541666666666667],[1],[0],[0],[1.1057440999429673],['Target'],0002,001,2025-09-30_16h02.16.707,visual search,,2025.1.1,60.16191979119983,2025-09-30 16h03.58.894674 +0530,
159,0,159,[0.29444444444444445],[-0.19166666666666668],[1],[0],[0],[1.5722900999244303],['Target'],159,0,159,0,256.89162020001095,,10,256.87549170001876,256.89162020001095,256.89162020001095,0.030634899972938,257.8936579999281,258.44792029995006,[0.29444444444444445],[-0.19166666666666668],[1],[0],[0],[1.5722900999244303],['Target'],0002,001,2025-09-30_16h02.16.707,visual search,,2025.1.1,60.16191979119983,2025-09-30 16h03.58.894674 +0530,
160,0,160,[-0.4486111111111111],[-0.15416666666666667],[1],[0],[0],[1.9164215000346303],['Target'],160,0,160,0,258.4757863000268,,5,258.4621771000093,258.4757863000268,258.4757863000268,0.014009800041094422,259.4772378000198,260.3786973999813,[-0.4486111111111111],[-0.15416666666666667],[1],[0],[0],[1.9164215000346303],['Target'],0002,001,2025-09-30_16h02.16.707,visual search,,2025.1.1,60.16191979119983,2025-09-30 16h03.58.894674 +0530,
161,0,161,[0.19444444444444445],[0.45416666666666666],[1],[0],[0],[2.3079118999885395],['Target'],161,0,161,0,260.42502620001324,,10,260.4035332000349,260.42502620001324,260.42502620001324,0.024657799978740513,261.4272136000218,262.7115159999812,[0.19444444444444445],[0.45416666666666666],[1],[0],[0],[2.3079118999885395],['Target'],0002,001,2025-09-30_16h02.16.707,visual search,,2025.1.1,60.16191979119983,2025-09-30 16h03.58.894674 +0530,
162,0,162,[0.29444444444444445],[-0.2902777777777778],[1],[0],[0],[1.5245139999315143],['Target'],162,0,162,0,262.74223390000407,,5,262.72393710003234,262.74223390000407,262.74223390000407,0.01227669999934733,263.74473919998854,264.24861000000965,[0.29444444444444445],[-0.2902777777777778],[1],[0],[0],[1.5245139999315143],['Target'],0002,001,2025-09-30_16h02.16.707,visual search,,2025.1.1,60.16191979119983,2025-09-30 16h03.58.894674 +0530,
163,0,163,[0.3625],[0.31805555555555554],[1],[0],[0],[1.8537713999394327],['Target'],163,0,163,0,264.2923461999744,,10,264.27667429996654,264.2923461999744,264.2923461999744,0.02783649996854365,265.2952367999824,266.1306451000273,[0.3625],[0.31805555555555554],[1],[0],[0],[1.8537713999394327],['Target'],0002,001,2025-09-30_16h02.16.707,visual search,,2025.1.1,60.16191979119983,2025-09-30 16h03.58.894674 +0530,
164,0,164,[0.49583333333333335],[-0.09305555555555556],[1],[0],[0],[1.9208489001030102],['Target'],164,0,164,0,266.2426173000131,,10,266.2289919999894,266.2426173000131,266.2426173000131,0.09799029992427677,267.2443945000414,268.1499729999341,[0.49583333333333335],[-0.09305555555555556],[1],[0],[0],[1.9208489001030102],['Target'],0002,001,2025-09-30_16h02.16.707,visual search,,2025.1.1,60.16191979119983,2025-09-30 16h03.58.894674 +0530,
165,0,165,[-0.2125],[0.3263888888888889],[1],[0],[0],[1.398645899957046],['Target'],165,0,165,0,268.20919199998025,,10,268.18217469996307,268.20919199998025,268.20919199998025,0.03197849995922297,269.21125609998126,269.5809723000275,[-0.2125],[0.3263888888888889],[1],[0],[0],[1.398645899957046],['Target'],0002,001,2025-09-30_16h02.16.707,visual search,,2025.1.1,60.16191979119983,2025-09-30 16h03.58.894674 +0530,
166,0,166,[-0.20694444444444443],[0.09444444444444444],[1],[0],[0],[1.1530615000519902],['Target'],166,0,166,0,269.6258389999857,,10,269.6111061000265,269.6258389999857,269.6258389999857,0.02981580002233386,270.62823729997035,270.7643491999479,[-0.20694444444444443],[0.09444444444444444],[1],[0],[0],[1.1530615000519902],['Target'],0002,001,2025-09-30_16h02.16.707,visual search,,2025.1.1,60.16191979119983,2025-09-30 16h03.58.894674 +0530,
167,0,167,[-0.29444444444444445],[-0.2847222222222222],[1],[0],[0],[2.018721100059338],['Target'],167,0,167,0,270.82643669995014,,10,270.7940060000401,270.82643669995014,270.82643669995014,0.02938050008378923,271.8277075999649,272.8128192999866,[-0.29444444444444445],[-0.2847222222222222],[1],[0],[0],[2.018721100059338],['Target'],0002,001,2025-09-30_16h02.16.707,visual search,,2025.1.1,60.16191979119983,2025-09-30 16h03.58.894674 +0530,
168,0,168,[0.43472222222222223],[0.28055555555555556],[1],[0],[0],[2.0333334000315517],['Target'],168,0,168,0,272.877355900011,,10,272.84699540003203,272.877355900011,272.877355900011,0.03398800001014024,273.87843239994254,274.88041660003364,[0.43472222222222223],[0.28055555555555556],[1],[0],[0],[2.0333334000315517],['Target'],0002,001,2025-09-30_16h02.16.707,visual search,,2025.1.1,60.16191979119983,2025-09-30 16h03.58.894674 +0530,
169,0,169,[-0.175],[-0.15555555555555556],[1],[0],[0],[1.3310721999732777],['Target'],169,0,169,0,274.9093184999656,,5,274.8981585999718,274.9093184999656,274.9093184999656,0.017396099981851876,275.91148959996644,276.2293391999556,[-0.175],[-0.15555555555555556],[1],[0],[0],[1.3310721999732777],['Target'],0002,001,2025-09-30_16h02.16.707,visual search,,2025.1.1,60.16191979119983,2025-09-30 16h03.58.894674 +0530,
170,0,170,[0.18611111111111112],[0.48333333333333334],[1],[0],[0],[3.5230042000766844],['Target'],170,0,170,0,276.2760885999305,,10,276.25989869993646,276.2760885999305,276.2760885999305,0.03029020002577454,277.2779014999978,279.78302370000165,[0.18611111111111112],[0.48333333333333334],[1],[0],[0],[3.5230042000766844],['Target'],0002,001,2025-09-30_16h02.16.707,visual search,,2025.1.1,60.16191979119983,2025-09-30 16h03.58.894674 +0530,
171,0,171,[0.11666666666666667],[0.275],[1],[0],[0],[1.3363362000091001],['Target'],171,0,171,0,279.8266245999839,,10,279.8113677999936,279.8266245999839,279.8266245999839,0.028015799936838448,280.82772329996806,281.1477952999994,[0.11666666666666667],[0.275],[1],[0],[0],[1.3363362000091001],['Target'],0002,001,2025-09-30_16h02.16.707,visual search,,2025.1.1,60.16191979119983,2025-09-30 16h03.58.894674 +0530,
172,0,172,[-0.4847222222222222],[0.4444444444444444],[1],[0],[0],[1.930343099986203],['Target'],172,0,172,0,281.1761985999765,,5,281.1659425999969,281.1761985999765,281.1761985999765,0.017946199979633093,282.1779349000426,283.09643859998323,[-0.4847222222222222],[0.4444444444444444],[1],[0],[0],[1.930343099986203],['Target'],0002,001,2025-09-30_16h02.16.707,visual search,,2025.1.1,60.16191979119983,2025-09-30 16h03.58.894674 +0530,
173,0,173,[0.40694444444444444],[-0.06111111111111111],[1],[0],[0],[1.6367065999656916],['Target'],173,0,173,0,283.1436587999342,,10,283.12659160001203,283.1436587999342,283.1436587999342,0.029883400071412325,284.1617212999845,284.76346739998553,[0.40694444444444444],[-0.06111111111111111],[1],[0],[0],[1.6367065999656916],['Target'],0002,001,2025-09-30_16h02.16.707,visual search,,2025.1.1,60.16191979119983,2025-09-30 16h03.58.894674 +0530,
174,0,174,[0.35138888888888886],[0.04583333333333333],[1],[0],[0],[1.3692393000237644],['Target'],174,0,174,0,284.79335930000525,,5,284.78281050000805,284.79335930000525,284.79335930000525,0.019015800091437995,285.7952249000082,286.1521817999892,[0.35138888888888886],[0.04583333333333333],[1],[0],[0],[1.3692393000237644],['Target'],0002,001,2025-09-30_16h02.16.707,visual search,,2025.1.1,60.16191979119983,2025-09-30 16h03.58.894674 +0530,
175,0,175,[-0.3263888888888889],[-0.37777777777777777],[1],[0],[0],[2.2172197999898344],['Target'],175,0,175,0,286.21040490001906,,10,286.1814918000018,286.21040490001906,286.21040490001906,0.029013199964538217,287.2121138999937,288.3988312999718,[-0.3263888888888889],[-0.37777777777777777],[1],[0],[0],[2.2172197999898344],['Target'],0002,001,2025-09-30_16h02.16.707,visual search,,2025.1.1,60.16191979119983,2025-09-30 16h03.58.894674 +0530,
176,0,176,[0.23333333333333334],[-0.25833333333333336],[1],[0],[0],[1.469269199995324],['Target'],176,0,176,0,288.4431629999308,,10,288.427752199932,288.4431629999308,288.4431629999308,0.028668200015090406,289.4446234999923,289.8970979999285,[0.23333333333333334],[-0.25833333333333336],[1],[0],[0],[1.469269199995324],['Target'],0002,001,2025-09-30_16h02.16.707,visual search,,2025.1.1,60.16191979119983,2025-09-30 16h03.58.894674 +0530,
177,0,177,[-0.09027777777777778],[-0.20972222222222223],[1],[0],[0],[1.2353289999300614],['Target'],177,0,177,0,289.9264830999309,,5,289.9133418999845,289.9264830999309,289.9264830999309,0.01601050002500415,290.9297804000089,291.148741699988,[-0.09027777777777778],[-0.20972222222222223],[1],[0],[0],[1.2353289999300614],['Target'],0002,001,2025-09-30_16h02.16.707,visual search,,2025.1.1,60.16191979119983,2025-09-30 16h03.58.894674 +0530,
178,0,178,[0.058333333333333334],[0.44166666666666665],[1],[0],[0],[1.9490062999539077],['Target'],178,0,178,0,291.17714329995215,,5,291.1643812999828,291.17714329995215,291.17714329995215,0.015521500026807189,292.17918750003446,293.1134832999669,[0.058333333333333334],[0.44166666666666665],[1],[0],[0],[1.9490062999539077],['Target'],0002,001,2025-09-30_16h02.16.707,visual search,,2025.1.1,60.16191979119983,2025-09-30 16h03.58.894674 +0530,
179,0,179,[0.31527777777777777],[-0.4041666666666667],[1],[0],[0],[2.2151713999919593],['Target'],179,0,179,0,293.14423179998994,,5,293.13120439997874,293.14423179998994,293.14423179998994,0.017557600047439337,294.14769230003003,295.34646879998036,[0.31527777777777777],[-0.4041666666666667],[1],[0],[0],[2.2151713999919593],['Target'],0002,001,2025-09-30_16h02.16.707,visual search,,2025.1.1,60.16191979119983,2025-09-30 16h03.58.894674 +0530,
180,0,180,[-0.4388888888888889],[0.4736111111111111],[1],[0],[0],[1.9343824000097811],['Target'],180,0,180,0,295.37735139997676,,5,295.3643482000334,295.37735139997676,295.37735139997676,0.01769330003298819,296.37964219995774,297.29885509994347,[-0.4388888888888889],[0.4736111111111111],[1],[0],[0],[1.9343824000097811],['Target'],0002,001,2025-09-30_16h02.16.707,visual search,,2025.1.1,60.16191979119983,2025-09-30 16h03.58.894674 +0530,
181,0,181,[0.2013888888888889],[-0.02638888888888889],[1],[0],[0],[1.5375203000148758],['Target'],181,0,181,0,297.34433069999795,,10,297.32697479997296,297.34433069999795,297.34433069999795,0.027893599937669933,298.34557240002323,298.86460369999986,[0.2013888888888889],[-0.02638888888888889],[1],[0],[0],[1.5375203000148758],['Target'],0002,001,2025-09-30_16h02.16.707,visual search,,2025.1.1,60.16191979119983,2025-09-30 16h03.58.894674 +0530,
182,0,182,[0.044444444444444446],[0.42916666666666664],[1],[0],[0],[1.515019099926576],['Target'],182,0,182,0,298.8940399000421,,5,298.8821200999664,298.8940399000421,298.8940399000421,0.017256499966606498,299.8963533999631,300.39722909999546,[0.044444444444444446],[0.42916666666666664],[1],[0],[0],[1.515019099926576],['Target'],0002,001,2025-09-30_16h02.16.707,visual search,,2025.1.1,60.16191979119983,2025-09-30 16h03.58.894674 +0530,
183,0,183,[-0.44166666666666665],[0.16666666666666666],[1],[0],[0],[1.8721671000821516],['Target'],183,0,183,0,300.4439443999436,,10,300.42601729999296,300.4439443999436,300.4439443999436,0.028598699951544404,301.4468405999942,302.29829659999814,[-0.44166666666666665],[0.16666666666666666],[1],[0],[0],[1.8721671000821516],['Target'],0002,001,2025-09-30_16h02.16.707,visual search,,2025.1.1,60.16191979119983,2025-09-30 16h03.58.894674 +0530,
184,0,184,[-0.3],[0.37916666666666665],[1],[0],[0],[1.2684794999659061],['Target'],184,0,184,0,302.34385539998766,,10,302.32915360003244,302.34385539998766,302.34385539998766,0.03050630004145205,303.34763850003947,303.5978211000329,[-0.3],[0.37916666666666665],[1],[0],[0],[1.2684794999659061],['Target'],0002,001,2025-09-30_16h02.16.707,visual search,,2025.1.1,60.16191979119983,2025-09-30 16h03.58.894674 +0530,
185,0,185,[0.2791666666666667],[0.2375],[1],[0],[0],[1.6907079999800771],['Target'],185,0,185,0,303.6446713999612,,10,303.6233494000044,303.6446713999612,303.6446713999612,0.02519920002669096,304.6462162999669,305.31416890001856,[0.2791666666666667],[0.2375],[1],[0],[0],[1.6907079999800771],['Target'],0002,001,2025-09-30_16h02.16.707,visual search,,2025.1.1,60.16191979119983,2025-09-30 16h03.58.894674 +0530,
186,0,186,[0.24583333333333332],[-0.12222222222222222],[1],[0],[0],[1.3654837000649422],['Target'],186,0,186,0,305.34441010002047,,5,305.33228309999686,305.34441010002047,305.34441010002047,0.01792749995365739,306.3454228999326,306.6978372000158,[0.24583333333333332],[-0.12222222222222222],[1],[0],[0],[1.3654837000649422],['Target'],0002,001,2025-09-30_16h02.16.707,visual search,,2025.1.1,60.16191979119983,2025-09-30 16h03.58.894674 +0530,
187,0,187,[-0.058333333333333334],[0.10972222222222222],[1],[0],[0],[1.633465199964121],['Target'],187,0,187,0,306.72779439995065,,5,306.71490779996384,306.72779439995065,306.72779439995065,0.01695379999000579,307.7307788999751,308.3484642000403,[-0.058333333333333334],[0.10972222222222222],[1],[0],[0],[1.633465199964121],['Target'],0002,001,2025-09-30_16h02.16.707,visual search,,2025.1.1,60.16191979119983,2025-09-30 16h03.58.894674 +0530,
188,0,188,[-0.027777777777777776],[0.24861111111111112],[1],[0],[0],[1.2521391999907792],['Target'],188,0,188,0,308.3946724999696,,10,308.3792545000324,308.3946724999696,308.3946724999696,0.03063210006803274,309.39600840001367,309.63150599994697,[-0.027777777777777776],[0.24861111111111112],[1],[0],[0],[1.2521391999907792],['Target'],0002,001,2025-09-30_16h02.16.707,visual search,,2025.1.1,60.16191979119983,2025-09-30 16h03.58.894674 +0530,
189,0,189,[-0.009722222222222222],[-0.30277777777777776],[1],[0],[0],[2.1143404999747872],['Target'],189,0,189,0,309.6611633999273,,5,309.6499471999705,309.6611633999273,309.6611633999273,0.018236599978990853,310.6628236999968,311.7643890000181,[-0.009722222222222222],[-0.30277777777777776],[1],[0],[0],[2.1143404999747872],['Target'],0002,001,2025-09-30_16h02.16.707,visual search,,2025.1.1,60.16191979119983,2025-09-30 16h03.58.894674 +0530,
190,0,190,[0.38055555555555554],[0.4166666666666667],[1],[0],[0],[4.852200300083496],['Target'],190,0,190,0,311.8113101000199,,10,311.7955142999999,311.8113101000199,311.8113101000199,0.03098749998025596,312.81306780001614,316.64780349994544,[0.38055555555555554],[0.4166666666666667],[1],[0],[0],[4.852200300083496],['Target'],0002,001,2025-09-30_16h02.16.707,visual search,,2025.1.1,60.16191979119983,2025-09-30 16h03.58.894674 +0530,
191,0,191,[0.15416666666666667],[-0.029166666666666667],[1],[0],[0],[1.2854918000521138],['Target'],191,0,191,0,316.6780865000328,,5,316.6651215000311,316.6780865000328,316.6780865000328,0.01714060001540929,317.6801491000224,317.9507409000071,[0.15416666666666667],[-0.029166666666666667],[1],[0],[0],[1.2854918000521138],['Target'],0002,001,2025-09-30_16h02.16.707,visual search,,2025.1.1,60.16191979119983,2025-09-30 16h03.58.894674 +0530,
192,0,192,[0.3888888888888889],[0.49444444444444446],[1],[0],[0],[1.6682028999784961],['Target'],192,0,192,0,317.978224499966,,5,317.9658697999548,317.978224499966,317.978224499966,0.014911300037056208,318.98034050001297,319.6341720999917,[0.3888888888888889],[0.49444444444444446],[1],[0],[0],[1.6682028999784961],['Target'],0002,001,2025-09-30_16h02.16.707,visual search,,2025.1.1,60.16191979119983,2025-09-30 16h03.58.894674 +0530,
193,0,193,[0.3347222222222222],[-0.2625],[1],[0],[0],[1.3983024000190198],['Target'],193,0,193,0,319.6618516999297,,5,319.6504094999982,319.6618516999297,319.6618516999297,0.016025500022806227,320.66376999998465,321.0488193000201,[0.3347222222222222],[-0.2625],[1],[0],[0],[1.3983024000190198],['Target'],0002,001,2025-09-30_16h02.16.707,visual search,,2025.1.1,60.16191979119983,2025-09-30 16h03.58.894674 +0530,
194,0,194,[-0.22777777777777777],[0.23333333333333334],[1],[0],[0],[1.584283099975437],['Target'],194,0,194,0,321.09509680001065,,10,321.0803968999535,321.09509680001065,321.09509680001065,0.031409299932420254,322.09624710003845,322.66485019994434,[-0.22777777777777777],[0.23333333333333334],[1],[0],[0],[1.584283099975437],['Target'],0002,001,2025-09-30_16h02.16.707,visual search,,2025.1.1,60.16191979119983,2025-09-30 16h03.58.894674 +0530,
195,0,195,[-0.3194444444444444],[0.44583333333333336],[1],[0],[0],[1.7023543999530375],['Target'],195,0,195,0,322.71320100000594,,10,322.69625649997033,322.71320100000594,322.71320100000594,0.031061500078067183,323.71380040002987,324.39872589998413,[-0.3194444444444444],[0.44583333333333336],[1],[0],[0],[1.7023543999530375],['Target'],0002,001,2025-09-30_16h02.16.707,visual search,,2025.1.1,60.16191979119983,2025-09-30 16h03.58.894674 +0530,
196,0,196,[-0.020833333333333332],[0.25277777777777777],[1],[0],[0],[1.269315900048241],['Target'],196,0,196,0,324.44508620002307,,10,324.4290042000357,324.44508620002307,324.44508620002307,0.03007809992413968,325.44691489997786,325.69840879994445,[-0.020833333333333332],[0.25277777777777777],[1],[0],[0],[1.269315900048241],['Target'],0002,001,2025-09-30_16h02.16.707,visual search,,2025.1.1,60.16191979119983,2025-09-30 16h03.58.894674 +0530,
197,0,197,[0.022222222222222223],[0.23055555555555557],[1],[0],[0],[1.1685767999151722],['Target'],197,0,197,0,325.7452388999518,,10,325.7297701999778,325.7452388999518,325.7452388999518,0.031146999914199114,326.7468233000254,326.89844130002894,[0.022222222222222223],[0.23055555555555557],[1],[0],[0],[1.1685767999151722],['Target'],0002,001,2025-09-30_16h02.16.707,visual search,,2025.1.1,60.16191979119983,2025-09-30 16h03.58.894674 +0530,
198,0,198,[-0.375],[-0.1736111111111111],[1],[0],[0],[1.3175811999244615],['Target'],198,0,198,0,326.9287816999713,,5,326.91764340002555,326.9287816999713,326.9287816999713,0.018977300031110644,327.93145839998033,328.235393299954,[-0.375],[-0.1736111111111111],[1],[0],[0],[1.3175811999244615],['Target'],0002,001,2025-09-30_16h02.16.707,visual search,,2025.1.1,60.16191979119983,2025-09-30 16h03.58.894674 +0530,
199,0,199,[0.05277777777777778],[0.20972222222222223],[1],[0],[0],[3.2015782999806106],['Target'],199,0,199,0,328.27950009994674,,10,328.26344659994356,328.27950009994674,328.27950009994674,0.02782170008867979,329.28035569994245,331.46512790001,[0.05277777777777778],[0.20972222222222223],[1],[0],[0],[3.2015782999806106],['Target'],0002,001,2025-09-30_16h02.16.707,visual search,,2025.1.1,60.16191979119983,2025-09-30 16h03.58.894674 +0530,
