delay,freq,condition,key_resp.rt,textbox.text,,,,,,,,
0.4,1000,exp,0.6119809,20,,,,,,,,
0.7,1000,exp,1.3551131,40,,,,,,,Mean Interval Estimate,
0.1,1000,exp,2.4842237,70,,,,Expected Condition,,,259.969697,
0.7,1000,exp,0.1508127,50,,,,Unexpected condition,,,789.7979798,
0.1,400,unexp,1.2247247,100,,,,,,,,
0.7,1000,exp,0.7555953,200,,,,,,,,
0.1,1000,exp,0.045867,20,,,,Difference in Interval Estimates,,,,-529.8282828
0.4,400,unexp,0.7179647,300,,,,,,,,
0.4,1000,exp,0.6555761,200,,,,,,,,
0.4,1000,exp,1.1801731,100,,,,,,,,
0.7,400,unexp,0.6303026,400,,,,,,,,
0.1,1000,exp,1.1823279,500,,,,,,,,
0.4,1000,exp,0.4455473,43,,,,,,,,
0.1,1000,exp,0.5826985,30,,,,,,,,
0.4,1000,exp,0.2866138,10,,,,,,,,
0.1,1000,exp,0.0682945,50,,,,,,,,
0.7,1000,exp,0.355109,100,,,,,,,,
0.7,1000,exp,0.5505049,100,,,,,,,,
0.4,400,unexp,0.0466043,700,,,,,,,,
0.1,400,unexp,0.4293013,200,,,,,,,,
0.7,400,unexp,0.5146195,900,,,,,,,,
0.4,1000,exp,0.0637134,100,,,,,,,,
0.1,1000,exp,0.2267066,150,,,,,,,,
0.7,1000,exp,0.5748681,400,,,,,,,,
0.1,1000,exp,1.4224666,500,,,,,,,,
0.4,400,unexp,0.4399473,950,,,,,,,,
0.4,1000,exp,0.3561517,300,,,,,,,,
0.7,1000,exp,0.9606983,200,,,,,,,,
0.1,1000,exp,0.8862349,400,,,,,,,,
0.4,1000,exp,1.52235,300,,,,,,,,
0.1,400,unexp,1.047913,700,,,,,,,,
0.1,1000,exp,0.6095992,200,,,,,,,,
0.7,1000,exp,0.7215936,100,,,,,,,,
0.7,1000,exp,1.5036661,200,,,,,,,,
0.7,400,unexp,0.6853192,600,,,,,,,,
0.4,1000,exp,0.3042171,200,,,,,,,,
0.7,1000,exp,0.3946595,300,,,,,,,,
0.7,1000,exp,0.3476258,600,,,,,,,,
0.1,1000,exp,0.7298398,100,,,,,,,,
0.7,1000,exp,0.3303797,100,,,,,,,,
0.4,1000,exp,0.4174258,150,,,,,,,,
0.1,1000,exp,0.6351025,200,,,,,,,,
0.4,1000,exp,0.5688368,200,,,,,,,,
0.1,1000,exp,1.3317021,250,,,,,,,,
0.7,400,unexp,0.3193564,600,,,,,,,,
0.4,400,unexp,0.690894,700,,,,,,,,
0.4,1000,exp,0.6606181,350,,,,,,,,
0.1,400,unexp,2.1038108,800,,,,,,,,
0.1,400,unexp,0.9167423,800,,,,,,,,
0.7,1000,exp,0.8184841,100,,,,,,,,
0.4,400,unexp,0.2934459,900,,,,,,,,
0.7,400,unexp,0.3585983,900,,,,,,,,
0.1,1000,exp,0.2904688,200,,,,,,,,
0.1,1000,exp,0.8246948,200,,,,,,,,
0.4,1000,exp,0.6087541,200,,,,,,,,
0.7,1000,exp,0.4662081,200,,,,,,,,
0.4,1000,exp,0.5072914,100,,,,,,,,
0.4,1000,exp,0.5535294,34,,,,,,,,
0.7,1000,exp,0.5857511,23,,,,,,,,
0.1,1000,exp,0.6498472,12,,,,,,,,
0.7,1000,exp,0.5443578,14,,,,,,,,
0.4,1000,exp,0.5412976,16,,,,,,,,
0.1,1000,exp,0.2974089,29,,,,,,,,
0.7,400,unexp,0.6505417,600,,,,,,,,
0.4,1000,exp,0.6204016,400,,,,,,,,
0.4,1000,exp,0.3681683,200,,,,,,,,
0.7,1000,exp,1.4810308,200,,,,,,,,
0.4,400,unexp,0.5373054,800,,,,,,,,
0.1,1000,exp,0.8793142,600,,,,,,,,
0.7,1000,exp,0.9210846,300,,,,,,,,
0.1,1000,exp,0.2733427,200,,,,,,,,
0.1,400,unexp,0.473937,800,,,,,,,,
0.7,1000,exp,0.4615435,100,,,,,,,,
0.7,400,unexp,0.4495149,800,,,,,,,,
0.4,1000,exp,0.8227294,700,,,,,,,,
0.1,400,unexp,0.0572203,800,,,,,,,,
0.1,1000,exp,0.3136105,500,,,,,,,,
0.7,1000,exp,0.5289558,200,,,,,,,,
0.7,1000,exp,0.4106328,100,,,,,,,,
0.4,1000,exp,1.0967111,200,,,,,,,,
0.1,1000,exp,1.034647,100,,,,,,,,
0.4,1000,exp,0.6582069,150,,,,,,,,
0.4,400,unexp,0.836776,800,,,,,,,,
0.1,1000,exp,1.1922231,300,,,,,,,,
0.1,400,unexp,0.3429695,900,,,,,,,,
0.1,1000,exp,0.3926175,100,,,,,,,,
0.7,1000,exp,0.3587935,100,,,,,,,,
0.7,1000,exp,0.6402462,300,,,,,,,,
0.7,1000,exp,0.5066088,200,,,,,,,,
0.4,1000,exp,0.6909918,250,,,,,,,,
0.1,1000,exp,0.4975929,360,,,,,,,,
0.1,1000,exp,0.2460884,340,,,,,,,,
0.4,400,unexp,0.6866316,500,,,,,,,,
0.4,1000,exp,0.3988506,140,,,,,,,,
0.4,1000,exp,0.7691789,240,,,,,,,,
0.7,400,unexp,0.5497174,700,,,,,,,,
0.7,1000,exp,0.8992225,250,,,,,,,,
0.1,400,unexp,0.4313274,600,,,,,,,,
0.1,1000,exp,0.9954055,300,,,,,,,,
0.4,1000,exp,0.499418,500,,,,,,,,
0.4,1000,exp,0.2708266,600,,,,,,,,
0.7,1000,exp,0.3373712,250,,,,,,,,
0.7,400,unexp,2.0422916,650,,,,,,,,
0.4,400,unexp,0.3645021,750,,,,,,,,
0.1,1000,exp,0.2667921,340,,,,,,,,
0.1,1000,exp,0.702887,120,,,,,,,,
0.7,1000,exp,0.2895066,350,,,,,,,,
0.4,1000,exp,0.4789883,210,,,,,,,,
0.7,1000,exp,0.1872589,230,,,,,,,,
0.1,1000,exp,0.6069618,540,,,,,,,,
0.4,1000,exp,0.2340713,120,,,,,,,,
0.4,1000,exp,0.2839508,240,,,,,,,,
0.1,1000,exp,1.2382913,340,,,,,,,,
0.7,1000,exp,0.3519213,120,,,,,,,,
0.4,400,unexp,0.4180467,600,,,,,,,,
0.7,1000,exp,1.0410739,350,,,,,,,,
0.4,1000,exp,0.4045074,120,,,,,,,,
0.7,400,unexp,0.2883123,800,,,,,,,,
0.1,1000,exp,0.4369929,200,,,,,,,,
0.1,400,unexp,0.5368475,700,,,,,,,,
0.4,400,unexp,0.3030702,800,,,,,,,,
0.7,1000,exp,0.2964243,340,,,,,,,,
0.1,1000,exp,0.3347446,120,,,,,,,,
0.1,1000,exp,0.0864149,230,,,,,,,,
0.4,1000,exp,0.2601886,350,,,,,,,,
0.7,400,unexp,0.2945245,700,,,,,,,,
0.1,1000,exp,0.2627908,100,,,,,,,,
0.7,1000,exp,0.351093,200,,,,,,,,
0.4,1000,exp,0.3267392,250,,,,,,,,
0.4,1000,exp,0.3169469,250,,,,,,,,
0.7,1000,exp,0.2012122,300,,,,,,,,
0.1,400,unexp,0.50695,800,,,,,,,,
0.1,1000,exp,0.3535621,200,,,,,,,,
0.4,1000,exp,0.2801202,100,,,,,,,,
0.7,1000,exp,0.3214819,200,,,,,,,,
0.7,1000,exp,1.5110371,400,,,,,,,,
0.7,400,unexp,0.2773392,800,,,,,,,,
0.7,1000,exp,0.8249082,,,,,,,,,
0.4,1000,exp,1.4494115,230,,,,,,,,
0.1,1000,exp,0.5225705,400,,,,,,,,
0.4,400,unexp,0.7142759,800,,,,,,,,
0.1,400,unexp,0.4891212,850,,,,,,,,
0.1,1000,exp,0.2996689,430,,,,,,,,
0.4,1000,exp,0.3904754,230,,,,,,,,
0.4,1000,exp,0.4391383,300,,,,,,,,
0.1,1000,exp,1.0776214,100,,,,,,,,
0.1,1000,exp,0.954682,300,,,,,,,,
0.4,1000,exp,0.6677367,400,,,,,,,,
0.4,1000,exp,0.8601391,300,,,,,,,,
0.4,400,unexp,0.7966376,800,,,,,,,,
0.1,400,unexp,0.4300276,900,,,,,,,,
0.7,400,unexp,0.3414007,700,,,,,,,,
0.7,1000,exp,0.243439,"240
",,,,,,,,
0.1,1000,exp,0.649934,340,,,,,,,,
0.7,1000,exp,0.2499935,568,,,,,,,,
0.7,1000,exp,0.7071141,560,,,,,,,,
0.7,1000,exp,0.7365336,230,,,,,,,,
0.7,1000,exp,1.2073159,340,,,,,,,,
0.4,1000,exp,1.5923273,"120
",,,,,,,,
0.7,1000,exp,0.5688832,240,,,,,,,,
0.1,1000,exp,0.36602,120,,,,,,,,
0.1,1000,exp,0.6959028,340,,,,,,,,
0.4,1000,exp,2.329782,340,,,,,,,,
0.1,400,unexp,4.0910413,800,,,,,,,,
0.1,1000,exp,0.1827548,340,,,,,,,,
0.4,400,unexp,1.2578444,800,,,,,,,,
0.4,1000,exp,0.2257419,600,,,,,,,,
0.7,400,unexp,3.3463728,600,,,,,,,,
0.4,1000,exp,1.1836571,230,,,,,,,,
0.1,1000,exp,0.45857,300,,,,,,,,
0.1,400,unexp,0.9048066,800,,,,,,,,
0.1,1000,exp,2.0990432,200,,,,,,,,
0.7,1000,exp,1.5300612,230,,,,,,,,
0.4,1000,exp,1.1830797,120,,,,,,,,
0.4,400,unexp,4.2018327,120,,,,,,,,
0.7,1000,exp,0.4239005,500,,,,,,,,
0.7,1000,exp,0.2419432,300,,,,,,,,
0.4,1000,exp,0.4622805,600,,,,,,,,
0.7,400,unexp,0.3311724,900,,,,,,,,
0.1,1000,exp,0.7490339,500,,,,,,,,
0.1,1000,exp,1.0121616,300,,,,,,,,
0.1,1000,exp,0.2876524,340,,,,,,,,
0.7,1000,exp,1.6835199,230,,,,,,,,
0.1,1000,exp,0.2788333,340,,,,,,,,
0.1,400,unexp,0.2769058,900,,,,,,,,
0.4,1000,exp,0.4258499,500,,,,,,,,
0.7,1000,exp,0.3260582,230,,,,,,,,
0.4,400,unexp,1.0049682,900,,,,,,,,
0.7,1000,exp,0.3147653,120,,,,,,,,
0.4,1000,exp,0.323605,900,,,,,,,,
0.4,1000,exp,0.1929697,300,,,,,,,,
0.7,400,unexp,0.4695954,900,,,,,,,,
0.1,1000,exp,0.830972,900,,,,,,,,
0.4,1000,exp,0.3820987,500,,,,,,,,
0.4,1000,exp,1.0648305,200,,,,,,,,
0.7,1000,exp,2.0987356,300,,,,,,,,
0.1,400,unexp,0.0235061,900,,,,,,,,
0.1,1000,exp,0.3027674,300,,,,,,,,
0.7,1000,exp,0.4590212,200,,,,,,,,
0.4,400,unexp,0.306247,900,,,,,,,,
0.7,400,unexp,0.4222144,900,,,,,,,,
0.1,1000,exp,0.2879901,400,,,,,,,,
0.7,1000,exp,1.3445704,200,,,,,,,,
0.4,1000,exp,1.2409093,300,,,,,,,,
0.4,1000,exp,1.2313223,400,,,,,,,,
0.1,1000,exp,1.5954314,200,,,,,,,,
0.1,1000,exp,0.4321092,200,,,,,,,,
0.4,1000,exp,1.1684446,400,,,,,,,,
0.1,1000,exp,0.4509798,300,,,,,,,,
0.7,1000,exp,0.2086678,100,,,,,,,,
0.7,1000,exp,0.3577186,300,,,,,,,,
0.7,1000,exp,0.3173299,200,,,,,,,,
0.4,1000,exp,0.3079195,300,,,,,,,,
0.4,400,unexp,0.256875,800,,,,,,,,
0.7,400,unexp,1.1100946,900,,,,,,,,
0.1,400,unexp,0.8677013,900,,,,,,,,
0.1,1000,exp,1.6393504,500,,,,,,,,
0.1,1000,exp,3.2300186,300,,,,,,,,
0.4,400,unexp,0.4113108,900,,,,,,,,
0.4,1000,exp,1.2288684,200,,,,,,,,
0.4,1000,exp,1.4324154,100,,,,,,,,
0.1,400,unexp,2.3248038,900,,,,,,,,
0.7,1000,exp,3.1197746,300,,,,,,,,
0.7,1000,exp,0.4013018,200,,,,,,,,
0.1,1000,exp,0.2303882,200,,,,,,,,
0.7,1000,exp,0.3355263,300,,,,,,,,
0.7,400,unexp,0.4900061,960,,,,,,,,
0.4,1000,exp,0.8759067,300,,,,,,,,
0.4,1000,exp,0.2650503,300,,,,,,,,
0.7,1000,exp,0.2657974,200,,,,,,,,
0.4,1000,exp,0.2485386,150,,,,,,,,
0.7,400,unexp,0.7572525,900,,,,,,,,
0.4,1000,exp,1.4428716,120,,,,,,,,
0.7,1000,exp,1.8162921,300,,,,,,,,
0.1,1000,exp,0.5837229,200,,,,,,,,
0.1,400,unexp,0.798909,800,,,,,,,,
0.4,400,unexp,1.1690575,800,,,,,,,,
0.1,1000,exp,1.1658074,500,,,,,,,,
0.1,1000,exp,0.3189145,300,,,,,,,,
0.7,1000,exp,0.3110796,200,,,,,,,,
0.1,1000,exp,0.7500946,100,,,,,,,,
0.4,1000,exp,0.6365929,200,,,,,,,,
0.1,400,unexp,0.4547234,300,,,,,,,,
0.7,1000,exp,0.4886189,200,,,,,,,,
0.4,400,unexp,0.1699739,600,,,,,,,,
0.1,1000,exp,0.8381827,300,,,,,,,,
0.1,1000,exp,0.4370399,200,,,,,,,,
0.7,400,unexp,0.6860732,900,,,,,,,,
0.4,1000,exp,4.692678,400,,,,,,,,
0.7,1000,exp,2.093414,300,,,,,,,,
0.4,1000,exp,0.1989249,200,,,,,,,,
0.7,1000,exp,2.4225462,200,,,,,,,,
0.7,1000,exp,1.1164628,140,,,,,,,,
0.7,400,unexp,0.8602905,200,,,,,,,,
0.7,1000,exp,0.5536136,120,,,,,,,,
0.1,1000,exp,0.5664283,300,,,,,,,,
0.7,1000,exp,0.2889457,200,,,,,,,,
0.4,1000,exp,1.6722564,200,,,,,,,,
0.1,1000,exp,0.52415,300,,,,,,,,
0.4,400,unexp,1.4195731,900,,,,,,,,
0.1,400,unexp,0.3518521,950,,,,,,,,
0.4,1000,exp,0.8744776,340,,,,,,,,
0.4,1000,exp,0.4063389,120,,,,,,,,
0.1,1000,exp,0.2433458,230,,,,,,,,
0.1,1000,exp,0.2904995,200,,,,,,,,
0.4,1000,exp,0.052455,300,,,,,,,,
0.1,1000,exp,0.3280241,200,,,,,,,,
0.7,400,unexp,0.3021416,900,,,,,,,,
0.4,400,unexp,0.416151,960,,,,,,,,
0.4,1000,exp,0.5179028,200,,,,,,,,
0.7,1000,exp,0.1770806,120,,,,,,,,
0.7,1000,exp,0.4372352,340,,,,,,,,
0.7,1000,exp,0.8023918,120,,,,,,,,
0.1,400,unexp,0.2377401,900,,,,,,,,
0.1,1000,exp,0.7979869,700,,,,,,,,
0.4,1000,exp,0.8772917,120,,,,,,,,
0.1,1000,exp,0.5140555,200,,,,,,,,
0.1,1000,exp,0.5840848,200,,,,,,,,
0.7,1000,exp,1.5561348,120,,,,,,,,
0.4,1000,exp,0.3337364,200,,,,,,,,
0.7,400,unexp,0.1838937,900,,,,,,,,
0.7,1000,exp,0.7081066,230,,,,,,,,
0.4,1000,exp,0.2164415,200,,,,,,,,
0.1,400,unexp,0.8980786,900,,,,,,,,
0.4,400,unexp,0.2261351,960,,,,,,,,
0.7,1000,exp,0.2445426,230,,,,,,,,
0.4,1000,exp,0.703672,340,,,,,,,,
0.1,1000,exp,0.4744258,120,,,,,,,,
0.1,1000,exp,0.2875076,230,,,,,,,,
0.1,1000,exp,0.4454795,340,,,,,,,,
0.1,400,unexp,1.3898264,960,,,,,,,,
0.7,400,unexp,0.7802158,980,,,,,,,,
0.4,400,unexp,1.2653293,980,,,,,,,,
0.4,1000,exp,0.3277225,230,,,,,,,,
0.7,1000,exp,0.2545189,340,,,,,,,,
0.4,1000,exp,0.2602496,230,,,,,,,,
0.7,1000,exp,0.2910784,120,,,,,,,,
0.7,1000,exp,0.2303713,230,,,,,,,,
0.1,1000,exp,0.2942768,340,,,,,,,,
0.4,1000,exp,0.8533175,320,,,,,,,,
0.7,1000,exp,0.2818089,230,,,,,,,,
0.1,400,unexp,0.7815279,340,,,,,,,,
0.4,1000,exp,0.3116828,230,,,,,,,,
0.1,1000,exp,0.5164637,400,,,,,,,,
0.1,1000,exp,0.7058406,900,,,,,,,,
0.4,1000,exp,0.2346336,230,,,,,,,,
0.7,1000,exp,0.2687383,120,,,,,,,,
0.1,1000,exp,1.3284565,230,,,,,,,,
0.7,1000,exp,1.9501635,340,,,,,,,,
0.4,400,unexp,5.5782459,980,,,,,,,,
0.7,400,unexp,0.9461217,870,,,,,,,,
0.4,1000,exp,24.5022923,230,,,,,,,,
0.1,1000,exp,1.1560244,120,,,,,,,,
0.4,400,unexp,1.6450115,900,,,,,,,,
0.7,1000,exp,0.7121272,340,,,,,,,,
0.1,1000,exp,6.2622543,230,,,,,,,,
0.4,1000,exp,1.6990371,540,,,,,,,,
0.7,1000,exp,1.0641779,230,,,,,,,,
0.4,1000,exp,0.4590039,230,,,,,,,,
0.1,400,unexp,8.7413708,900,,,,,,,,
0.4,1000,exp,0.8130064,340,,,,,,,,
0.7,400,unexp,0.6896647,900,,,,,,,,
0.7,1000,exp,1.9625936,230,,,,,,,,
0.1,1000,exp,1.3265157,100,,,,,,,,
0.1,1000,exp,0.4688254,200,,,,,,,,
0.4,1000,exp,3.0824447,340,,,,,,,,
0.7,1000,exp,0.3204639,320,,,,,,,,
0.1,1000,exp,1.1745977,500,,,,,,,,
0.1,1000,exp,2.1761114,500,,,,,,,,
0.7,1000,exp,0.5091508,250,,,,,,,,
0.4,1000,exp,0.6333723,340,,,,,,,,
0.7,400,unexp,5.2277631,900,,,,,,,,
0.4,400,unexp,3.0802083,890,,,,,,,,
0.4,1000,exp,0.7411179,540,,,,,,,,
0.7,1000,exp,1.4642482,340,,,,,,,,
0.1,400,unexp,0.8010212,890,,,,,,,,
0.1,1000,exp,0.5487105,540,,,,,,,,
0.4,1000,exp,0.2781068,120,,,,,,,,
0.4,400,unexp,0.2971302,990,,,,,,,,
0.7,1000,exp,0.2050523,120,,,,,,,,
0.7,400,unexp,0.22516,870,,,,,,,,
0.7,1000,exp,0.3948878,230,,,,,,,,
0.1,400,unexp,0.3334735,990,,,,,,,,
0.1,1000,exp,0.393026,230,,,,,,,,
0.4,1000,exp,0.263196,120,,,,,,,,
0.4,1000,exp,0.2610656,230,,,,,,,,
0.1,1000,exp,0.2052744,340,,,,,,,,
0.7,1000,exp,0.2452543,200,,,,,,,,
0.4,400,unexp,0.342714,990,,,,,,,,
0.1,1000,exp,0.2977387,120,,,,,,,,
0.1,1000,exp,0.4499762,250,,,,,,,,
0.4,1000,exp,0.3011247,260,,,,,,,,
0.7,1000,exp,1.4536924,456,,,,,,,,
0.7,1000,exp,0.2619853,147,,,,,,,,
0.1,400,unexp,0.3191237,960,,,,,,,,
0.4,1000,exp,0.2466319,145,,,,,,,,
0.7,400,unexp,0.2407679,870,,,,,,,,
0.4,1000,exp,0.2967902,145,,,,,,,,
0.1,1000,exp,0.457192,230,,,,,,,,
0.7,1000,exp,0.241015,345,,,,,,,,
0.1,1000,exp,0.3424187,789,,,,,,,,
0.1,400,unexp,1.0919293,890,,,,,,,,
0.4,400,unexp,0.4993203,800,,,,,,,,
0.1,1000,exp,0.2547988,430,,,,,,,,
0.7,1000,exp,0.3695105,240,,,,,,,,
0.4,1000,exp,0.3314017,360,,,,,,,,
0.7,400,unexp,0.1967877,840,,,,,,,,
0.4,1000,exp,0.7599055,480,,,,,,,,
0.7,1000,exp,0.8089845,23,,,,,,,,
0.4,1000,exp,1.0236279,36,,,,,,,,
0.7,1000,exp,0.4132967,75,,,,,,,,
0.1,1000,exp,0.3995747,25,,,,,,,,
0.7,400,unexp,0.3072029,900,,,,,,,,
0.1,400,unexp,0.212484,800,,,,,,,,
0.1,1000,exp,0.1763565,130,,,,,,,,
0.7,1000,exp,0.1871396,240,,,,,,,,
0.4,1000,exp,0.2633615,400,,,,,,,,
0.4,400,unexp,0.3774358,980,,,,,,,,
0.4,1000,exp,0.2622268,230,,,,,,,,
0.1,1000,exp,0.2883371,340,,,,,,,,
0.7,1000,exp,0.4075465,120,,,,,,,,
0.1,1000,exp,0.8286915,230,,,,,,,,
0.4,1000,exp,0.2837276,340,,,,,,,,
0.7,1000,exp,0.3981929,120,,,,,,,,
0.1,1000,exp,0.3450302,450,,,,,,,,
0.7,1000,exp,0.372338,230,,,,,,,,
0.4,400,unexp,0.452388,800,,,,,,,,
0.1,1000,exp,0.2453528,100,,,,,,,,
0.7,1000,exp,0.5656684,230,,,,,,,,
0.4,1000,exp,0.2403114,240,,,,,,,,
0.7,1000,exp,0.3389334,234,,,,,,,,
0.7,400,unexp,0.2887753,980,,,,,,,,
0.4,1000,exp,0.2237902,345,,,,,,,,
0.4,1000,exp,1.331365,"456
",,,,,,,,
0.1,400,unexp,4.7074399,890,,,,,,,,
0.1,1000,exp,5.3820911,123,,,,,,,,
0.1,1000,exp,1.931333,340,,,,,,,,
0.7,1000,exp,1.4398459,560,,,,,,,,
0.7,1000,exp,0.0420581,234,,,,,,,,
0.1,1000,exp,1.740952,340,,,,,,,,
