study_word,thisN,thisTrialN,thisRepN,slider.response,slider.rt,test_word,Reference,old_new,textbox.text,mouse.x,mouse.y,mouse.leftButton,mouse.midButton,mouse.rightButton,mouse.time,mouse.clicked_name,trials.thisRepN,trials.thisTrialN,trials.thisN,trials.thisIndex,trials_2.thisRepN,trials_2.thisTrialN,trials_2.thisN,trials_2.thisIndex,thisRow.t,notes,trial.started,studytext.started,slider.started,trial.stopped,trials.slider.response,trials.slider.rt,test.started,testText.started,textbox.started,text_3.started,mouse.started,test.stopped,trials_2.textbox.text,trials_2.mouse.x,trials_2.mouse.y,trials_2.mouse.leftButton,trials_2.mouse.midButton,trials_2.mouse.rightButton,trials_2.mouse.time,trials_2.mouse.clicked_name,participant,session,date,expName,expVersion,psychopyVersion,frameRate,expStart
,0,0,0,,,Ke_s,keys,old,keys,[0.001388888888888889],[-0.29305555555555557],[1],[0],[0],[4.583776700077578],['text_3'],,,,,0,0,0,8,21.9832354,,,,,,,,21.9692682,21.9832354,21.9832354,21.9832354,0.0161097,26.5533501,keys,[0.001388888888888889],[-0.29305555555555557],[1],[0],[0],[4.583776700077578],['text_3'],4,1,2025-10-16_10h00.58.292,word priming,,2025.1.1,59.98267698,2025-10-16 10h01.31.125417 +0530
,1,1,0,,,P_nc_l,Pencil,new,pencil,[0.004166666666666667],[-0.30694444444444446],[1],[0],[0],[5.845734599977732],['text_3'],,,,,0,1,1,17,26.5833836,,,,,,,,26.5586803,26.5833836,26.5833836,26.5833836,0.005172,32.4047807,pencil,[0.004166666666666667],[-0.30694444444444446],[1],[0],[0],[5.845734599977732],['text_3'],4,1,2025-10-16_10h00.58.292,word priming,,2025.1.1,59.98267698,2025-10-16 10h01.31.125417 +0530
,2,2,0,,,c_se,Case,old,case,[0.058333333333333334],[-0.30694444444444446],[1],[0],[0],[3.7782527001108974],['text_3'],,,,,0,2,2,5,32.4341309,,,,,,,,32.4085309,32.4341309,32.4341309,32.4341309,0.0035644,36.1871542,case,[0.058333333333333334],[-0.30694444444444446],[1],[0],[0],[3.7782527001108974],['text_3'],4,1,2025-10-16_10h00.58.292,word priming,,2025.1.1,59.98267698,2025-10-16 10h01.31.125417 +0530
,3,3,0,,,_us_io_,Cushion,old,cushion,"[-0.011111111111111112, -0.001388888888888889]","[-0.3416666666666667, -0.31805555555555554]","[1, 1]","[0, 0]","[0, 0]","[5.412265700055286, 6.382735199993476]","[None, 'text_3']",,,,,0,3,3,15,36.2017238,,,,,,,,36.1914326,36.2017238,36.2017238,36.2017238,0.0040822,42.5745488,cushion,"[-0.011111111111111112, -0.001388888888888889]","[-0.3416666666666667, -0.31805555555555554]","[1, 1]","[0, 0]","[0, 0]","[5.412265700055286, 6.382735199993476]","[None, 'text_3']",4,1,2025-10-16_10h00.58.292,word priming,,2025.1.1,59.98267698,2025-10-16 10h01.31.125417 +0530
,4,4,0,,,M_us_,Mouse,new,mouse,[0.002777777777777778],[-0.30416666666666664],[1],[0],[0],[3.256143399979919],['text_3'],,,,,0,4,4,11,42.6009202,,,,,,,,42.5811048,42.6009202,42.6009202,42.6009202,0.0063894,45.8376202,mouse,[0.002777777777777778],[-0.30416666666666664],[1],[0],[0],[3.256143399979919],['text_3'],4,1,2025-10-16_10h00.58.292,word priming,,2025.1.1,59.98267698,2025-10-16 10h01.31.125417 +0530
,5,5,0,,,R_ng,Ring,new,ring,[0.06944444444444445],[-0.29583333333333334],[1],[0],[0],[4.395926899975166],['text_3'],,,,,0,5,5,22,45.8678362,,,,,,,,45.8435333,45.8678362,45.8678362,45.8678362,0.0057875,50.2398349,ring,[0.06944444444444445],[-0.29583333333333334],[1],[0],[0],[4.395926899975166],['text_3'],4,1,2025-10-16_10h00.58.292,word priming,,2025.1.1,59.98267698,2025-10-16 10h01.31.125417 +0530
,6,6,0,,,_ru_se,cruise,old,cruise,[0.06944444444444445],[-0.30277777777777776],[1],[0],[0],[9.628618699964136],['text_3'],,,,,0,6,6,6,50.2683379,,,,,,,,50.2438681,50.2683379,50.2683379,50.2683379,0.0038594,59.8728854,cruise,[0.06944444444444445],[-0.30277777777777776],[1],[0],[0],[9.628618699964136],['text_3'],4,1,2025-10-16_10h00.58.292,word priming,,2025.1.1,59.98267698,2025-10-16 10h01.31.125417 +0530
,7,7,0,,,C_r,Car,new,car,[0.06944444444444445],[-0.30277777777777776],[1],[0],[0],[3.194819000083953],['text_3'],,,,,0,7,7,23,59.9020225,,,,,,,,59.8762364,59.9020225,59.9020225,59.9020225,0.0032244,63.0714056,car,[0.06944444444444445],[-0.30277777777777776],[1],[0],[0],[3.194819000083953],['text_3'],4,1,2025-10-16_10h00.58.292,word priming,,2025.1.1,59.98267698,2025-10-16 10h01.31.125417 +0530
,8,8,0,,,v_se,Vase,old,vase,[0.043055555555555555],[-0.3194444444444444],[1],[0],[0],[5.514957000035793],['text_3'],,,,,0,8,8,18,63.0872109,,,,,,,,63.0740983,63.0872109,63.0872109,63.0872109,0.0025822,68.5893968,vase,[0.043055555555555555],[-0.3194444444444444],[1],[0],[0],[5.514957000035793],['text_3'],4,1,2025-10-16_10h00.58.292,word priming,,2025.1.1,59.98267698,2025-10-16 10h01.31.125417 +0530
,9,9,0,,,P_on_,Phone,old,phone,[0.043055555555555555],[-0.3138888888888889],[1],[0],[0],[5.746771099977195],['text_3'],,,,,0,9,9,13,68.6189668,,,,,,,,68.5929353,68.6189668,68.6189668,68.6189668,0.0034144,74.3400883,phone,[0.043055555555555555],[-0.3138888888888889],[1],[0],[0],[5.746771099977195],['text_3'],4,1,2025-10-16_10h00.58.292,word priming,,2025.1.1,59.98267698,2025-10-16 10h01.31.125417 +0530
,10,10,0,,,L_pt_p,laptop,old,laptop,[0.0375],[-0.3],[1],[0],[0],[3.9783799001015723],['text_3'],,,,,0,10,10,0,74.3698696,,,,,,,,74.3451925,74.3698696,74.3698696,74.3698696,0.0049474,78.3238928,laptop,[0.0375],[-0.3],[1],[0],[0],[3.9783799001015723],['text_3'],4,1,2025-10-16_10h00.58.292,word priming,,2025.1.1,59.98267698,2025-10-16 10h01.31.125417 +0530
,11,11,0,,,Sl_e_e,Sleeve,new,,[0.0375],[-0.3],[1],[0],[0],[9.77772599994205],['text_3'],,,,,0,11,11,21,78.3375842,,,,,,,,78.3284575,78.3375842,78.3375842,78.3375842,0.0044544,88.1065755,,[0.0375],[-0.3],[1],[0],[0],[9.77772599994205],['text_3'],4,1,2025-10-16_10h00.58.292,word priming,,2025.1.1,59.98267698,2025-10-16 10h01.31.125417 +0530
,12,12,0,,,C_m_ra,Camera,new,camera,[0.027777777777777776],[-0.30694444444444446],[1],[0],[0],[4.096321199787781],['text_3'],,,,,0,12,12,20,88.136605,,,,,,,,88.1103613,88.136605,88.136605,88.136605,0.0036186,92.207127,camera,[0.027777777777777776],[-0.30694444444444446],[1],[0],[0],[4.096321199787781],['text_3'],4,1,2025-10-16_10h00.58.292,word priming,,2025.1.1,59.98267698,2025-10-16 10h01.31.125417 +0530
,13,13,0,,,P_st_y,Pastry,old,,[0.027777777777777776],[-0.30694444444444446],[1],[0],[0],[1.4800217999145389],['text_3'],,,,,0,13,13,4,92.236977,,,,,,,,92.211488,92.236977,92.236977,92.236977,0.0041644,93.691954,,[0.027777777777777776],[-0.30694444444444446],[1],[0],[0],[1.4800217999145389],['text_3'],4,1,2025-10-16_10h00.58.292,word priming,,2025.1.1,59.98267698,2025-10-16 10h01.31.125417 +0530
,14,14,0,,,_o_se,Mouse,old,,[0.03888888888888889],[-0.29583333333333334],[1],[0],[0],[18.246183100156486],['text_3'],,,,,0,14,14,3,93.720827,,,,,,,,93.6958498,93.720827,93.720827,93.720827,0.0037603,111.9424515,,[0.03888888888888889],[-0.29583333333333334],[1],[0],[0],[18.246183100156486],['text_3'],4,1,2025-10-16_10h00.58.292,word priming,,2025.1.1,59.98267698,2025-10-16 10h01.31.125417 +0530
,15,15,0,,,T_bl_,Table,new,table,[0.03888888888888889],[-0.29583333333333334],[1],[0],[0],[3.2947116000577807],['text_3'],,,,,0,15,15,16,111.9714925,,,,,,,,111.9458949,111.9714925,111.9714925,111.9714925,0.0032794,115.2410217,table,[0.03888888888888889],[-0.29583333333333334],[1],[0],[0],[3.2947116000577807],['text_3'],4,1,2025-10-16_10h00.58.292,word priming,,2025.1.1,59.98267698,2025-10-16 10h01.31.125417 +0530
,16,16,0,,,P_li_e,police,old,police,[0.05138888888888889],[-0.3138888888888889],[1],[0],[0],[5.746369800064713],['text_3'],,,,,0,16,16,7,115.271723,,,,,,,,115.2448297,115.271723,115.271723,115.271723,0.0036629,120.9916349,police,[0.05138888888888889],[-0.3138888888888889],[1],[0],[0],[5.746369800064713],['text_3'],4,1,2025-10-16_10h00.58.292,word priming,,2025.1.1,59.98267698,2025-10-16 10h01.31.125417 +0530
,17,17,0,,,P_st_r,poster,old,poster,[0.06527777777777778],[-0.3],[1],[0],[0],[3.7310118000023067],['text_3'],,,,,0,17,17,9,121.0217843,,,,,,,,120.9950675,121.0217843,121.0217843,121.0217843,0.003278,124.7265299,poster,[0.06527777777777778],[-0.3],[1],[0],[0],[3.7310118000023067],['text_3'],4,1,2025-10-16_10h00.58.292,word priming,,2025.1.1,59.98267698,2025-10-16 10h01.31.125417 +0530
,18,18,0,,,B_a_d,Board,old,,[0.06666666666666667],[-0.3],[1],[0],[0],[3.9929964998736978],['text_3'],,,,,0,18,18,10,124.7559835,,,,,,,,124.7321079,124.7559835,124.7559835,124.7559835,0.0054502,128.725589,,[0.06666666666666667],[-0.3],[1],[0],[0],[3.9929964998736978],['text_3'],4,1,2025-10-16_10h00.58.292,word priming,,2025.1.1,59.98267698,2025-10-16 10h01.31.125417 +0530
,19,19,0,,,T_hi_t,T-shirt,old,tshirt,[0.06666666666666667],[-0.3],[1],[0],[0],[4.278619799995795],['text_3'],,,,,0,19,19,2,128.7556206,,,,,,,,128.729478,128.7556206,128.7556206,128.7556206,0.0037392,133.0085522,tshirt,[0.06666666666666667],[-0.3],[1],[0],[0],[4.278619799995795],['text_3'],4,1,2025-10-16_10h00.58.292,word priming,,2025.1.1,59.98267698,2025-10-16 10h01.31.125417 +0530
,20,20,0,,,B_tt_e,Bottle,new,bottle,[0.06666666666666667],[-0.3],[1],[0],[0],[3.7311458999756724],['text_3'],,,,,0,20,20,19,133.0391665,,,,,,,,133.0120833,133.0391665,133.0391665,133.0391665,0.0033938,136.7436584,bottle,[0.06666666666666667],[-0.3],[1],[0],[0],[3.7311458999756724],['text_3'],4,1,2025-10-16_10h00.58.292,word priming,,2025.1.1,59.98267698,2025-10-16 10h01.31.125417 +0530
,21,21,0,,,B__k,Book,old,book,[0.06666666666666667],[-0.3],[1],[0],[0],[3.6293355000671],['text_3'],,,,,0,21,21,14,136.7727374,,,,,,,,136.7468131,136.7727374,136.7727374,136.7727374,0.0030437,140.3766647,book,[0.06666666666666667],[-0.3],[1],[0],[0],[3.6293355000671],['text_3'],4,1,2025-10-16_10h00.58.292,word priming,,2025.1.1,59.98267698,2025-10-16 10h01.31.125417 +0530
,22,22,0,,,Ma_b_e,Marble,old,marble,[0.06666666666666667],[-0.3],[1],[0],[0],[4.2453921001870185],['text_3'],,,,,0,22,22,12,140.406162,,,,,,,,140.3807153,140.406162,140.406162,140.406162,0.0038827,144.6265853,marble,[0.06666666666666667],[-0.3],[1],[0],[0],[4.2453921001870185],['text_3'],4,1,2025-10-16_10h00.58.292,word priming,,2025.1.1,59.98267698,2025-10-16 10h01.31.125417 +0530
,23,23,0,,,_ha_t,chart,old,chart,[0.06944444444444445],[-0.30694444444444446],[1],[0],[0],[5.661975600058213],['text_3'],,,,,0,23,23,1,144.6563888,,,,,,,,144.6305427,144.6563888,144.6563888,144.6563888,0.0037916,150.293035,chart,[0.06944444444444445],[-0.30694444444444446],[1],[0],[0],[5.661975600058213],['text_3'],4,1,2025-10-16_10h00.58.292,word priming,,2025.1.1,59.98267698,2025-10-16 10h01.31.125417 +0530
,,,,,,,,,,,,,,,,,,,,,,,,,,,,,,,,,,,,,,,,,,,,,,,,,,,,,,
,,,,,,,,,,,,,,,,,,,,,,,,,,,,,,,,,,,,,,,,,,,,,,,,,,,,,,
,,,,,,,,,,,,,,,,,,,,,,,,,,,,,,,,,,,,,,,,,,,,,,,,,,,,,,
,,,,,,,prop hit from study list,,,13,0.541666667,,,,,,,,,,,,,,,,,,,,,,,,,,,,,,,,,,,,,,,,,,,
,,,,,,,,,,,,,,,,,,,,,,,,,,,,,,,,,,,,,,,,,,,,,,,,,,,,,,
,,,,,,,prop hit for non primed words,,,7,0.291666667,,,,,,,,,,,,,,,,,,,,,,,,,,,,,,,,,,,,,,,,,,,
,,,,,,,,,,,,,,,,,,,,,,,,,,,,,,,,,,,,,,,,,,,,,,,,,,,,,,
,,,,,,,,,,,,,,,,,,,,,,,,,,,,,,,,,,,,,,,,,,,,,,,,,,,,,,
,,,,,,,priming score,,,,0.25,,,,,,,,,,,,,,,,,,,,,,,,,,,,,,,,,,,,,,,,,,,
,,,,,,,,,,,,,,,,,,,,,,,,,,,,,,,,,,,,,,,,,,,,,,,,,,,,,,
