thisN,thisTrialN,thisRepN,mouse.x,mouse.y,mouse.leftButton,mouse.midButton,mouse.rightButton,mouse.time,mouse.clicked_name,trials.thisRepN,trials.thisTrialN,trials.thisN,trials.thisIndex,thisRow.t,notes,num_distr,trial.started,Fixation.started,target.started,mouse.started,trial.stopped,trials.mouse.x,trials.mouse.y,trials.mouse.leftButton,trials.mouse.midButton,trials.mouse.rightButton,trials.mouse.time,trials.mouse.clicked_name,participant,session,date,expName,expVersion,psychopyVersion,frameRate,expStart,
0,0,0,[0.35694444444444445],[0.125],[1],[0],[0],[1.167593300000135],['target'],0,0,0,0,0.0413379999999961,,10,0.026035300000330608,0.0413379999999961,0.0413379999999961,0.02605249999987791,1.1938350000000355,[0.35694444444444445],[0.125],[1],[0],[0],[1.167593300000135],['target'],0004,001,2025-09-30_16h52.41.627,Visual search 2,,2025.1.1,60.03777576844817,2025-09-30 16h52.50.471007 +0530,
1,0,1,[-0.39305555555555555],[-0.44166666666666665],[1],[0],[0],[1.6581035999997766],['target'],1,0,1,0,1.224800200000118,,5,1.2061101000003873,1.224800200000118,1.224800200000118,0.011976599999798054,2.8643944000000374,[-0.39305555555555555],[-0.44166666666666665],[1],[0],[0],[1.6581035999997766],['target'],0004,001,2025-09-30_16h52.41.627,Visual search 2,,2025.1.1,60.03777576844817,2025-09-30 16h52.50.471007 +0530,
2,0,2,[0.13194444444444445],[-0.19583333333333333],[1],[0],[0],[1.3623592000003555],['target'],2,0,2,0,2.90778679999994,,10,2.884929100000136,2.90778679999994,2.90778679999994,0.02034719999983281,4.247492299999976,[0.13194444444444445],[-0.19583333333333333],[1],[0],[0],[1.3623592000003555],['target'],0004,001,2025-09-30_16h52.41.627,Visual search 2,,2025.1.1,60.03777576844817,2025-09-30 16h52.50.471007 +0530,
3,0,3,[-0.37777777777777777],[-0.2513888888888889],[1],[0],[0],[1.2113867999996728],['target'],3,0,3,0,4.291259900000114,,10,4.268801300000177,4.291259900000114,4.291259900000114,0.02107129999967583,5.480406900000162,[-0.37777777777777777],[-0.2513888888888889],[1],[0],[0],[1.2113867999996728],['target'],0004,001,2025-09-30_16h52.41.627,Visual search 2,,2025.1.1,60.03777576844817,2025-09-30 16h52.50.471007 +0530,
4,0,4,[0.009722222222222222],[-0.275],[1],[0],[0],[1.7085446000000957],['target'],4,0,4,0,5.524774800000159,,10,5.501699500000086,5.524774800000159,5.524774800000159,0.021042599999873346,7.210502400000223,[0.009722222222222222],[-0.275],[1],[0],[0],[1.7085446000000957],['target'],0004,001,2025-09-30_16h52.41.627,Visual search 2,,2025.1.1,60.03777576844817,2025-09-30 16h52.50.471007 +0530,
5,0,5,[-0.2791666666666667],[0.3472222222222222],[1],[0],[0],[1.7491405000000668],['target'],5,0,5,0,7.24104780000016,,10,7.2327705000002425,7.24104780000016,7.24104780000016,0.02196979999962423,8.982096400000046,[-0.2791666666666667],[0.3472222222222222],[1],[0],[0],[1.7491405000000668],['target'],0004,001,2025-09-30_16h52.41.627,Visual search 2,,2025.1.1,60.03777576844817,2025-09-30 16h52.50.471007 +0530,
6,0,6,[-0.20277777777777778],[0.020833333333333332],[1],[0],[0],[1.3191130000000157],['target'],6,0,6,0,9.008198900000025,,5,8.99642010000025,9.008198900000025,9.008198900000025,0.01405879999992976,10.315739600000143,[-0.20277777777777778],[0.020833333333333332],[1],[0],[0],[1.3191130000000157],['target'],0004,001,2025-09-30_16h52.41.627,Visual search 2,,2025.1.1,60.03777576844817,2025-09-30 16h52.50.471007 +0530,
7,0,7,[-0.3277777777777778],[0.3958333333333333],[1],[0],[0],[1.252780900000289],['target'],7,0,7,0,10.342209800000091,,5,10.328633500000251,10.342209800000091,10.342209800000091,0.012692899999819929,11.581596100000297,[-0.3277777777777778],[0.3958333333333333],[1],[0],[0],[1.252780900000289],['target'],0004,001,2025-09-30_16h52.41.627,Visual search 2,,2025.1.1,60.03777576844817,2025-09-30 16h52.50.471007 +0530,
8,0,8,[0.21944444444444444],[0.42916666666666664],[1],[0],[0],[1.5821847999995953],['target'],8,0,8,0,11.608310699999947,,5,11.595560400000068,11.608310699999947,11.608310699999947,0.013731399999869609,13.177953400000206,[0.21944444444444444],[0.42916666666666664],[1],[0],[0],[1.5821847999995953],['target'],0004,001,2025-09-30_16h52.41.627,Visual search 2,,2025.1.1,60.03777576844817,2025-09-30 16h52.50.471007 +0530,
9,0,9,[-0.08611111111111111],[0.10972222222222222],[1],[0],[0],[1.2605905000000348],['target'],9,0,9,0,13.224848100000145,,10,13.200821200000064,13.224848100000145,13.224848100000145,0.022652600000128587,14.46162990000039,[-0.08611111111111111],[0.10972222222222222],[1],[0],[0],[1.2605905000000348],['target'],0004,001,2025-09-30_16h52.41.627,Visual search 2,,2025.1.1,60.03777576844817,2025-09-30 16h52.50.471007 +0530,
10,0,10,[0.009722222222222222],[-0.11527777777777778],[1],[0],[0],[2.0659937000000355],['target'],10,0,10,0,14.493198099999972,,5,14.482680900000105,14.493198099999972,14.493198099999972,0.020701700000245182,16.54891170000019,[0.009722222222222222],[-0.11527777777777778],[1],[0],[0],[2.0659937000000355],['target'],0004,001,2025-09-30_16h52.41.627,Visual search 2,,2025.1.1,60.03777576844817,2025-09-30 16h52.50.471007 +0530,
11,0,11,[0.38472222222222224],[0.09444444444444444],[1],[0],[0],[1.184313999999631],['target'],11,0,11,0,16.575907700000243,,5,16.56378870000026,16.575907700000243,16.575907700000243,0.01466889999983323,17.748289200000272,[0.38472222222222224],[0.09444444444444444],[1],[0],[0],[1.184313999999631],['target'],0004,001,2025-09-30_16h52.41.627,Visual search 2,,2025.1.1,60.03777576844817,2025-09-30 16h52.50.471007 +0530,
12,0,12,[-0.36527777777777776],[0.19583333333333333],[1],[0],[0],[1.4445193999999901],['target'],12,0,12,0,17.79212170000028,,10,17.77031190000025,17.79212170000028,17.79212170000028,0.02183100000002014,19.21501860000035,[-0.36527777777777776],[0.19583333333333333],[1],[0],[0],[1.4445193999999901],['target'],0004,001,2025-09-30_16h52.41.627,Visual search 2,,2025.1.1,60.03777576844817,2025-09-30 16h52.50.471007 +0530,
13,0,13,[-0.09166666666666666],[-0.4027777777777778],[1],[0],[0],[1.535848900000019],['target'],13,0,13,0,19.241956500000015,,5,19.229664400000274,19.241956500000015,19.241956500000015,0.014426499999899534,20.765750300000036,[-0.09166666666666666],[-0.4027777777777778],[1],[0],[0],[1.535848900000019],['target'],0004,001,2025-09-30_16h52.41.627,Visual search 2,,2025.1.1,60.03777576844817,2025-09-30 16h52.50.471007 +0530,
14,0,14,[-0.49027777777777776],[-0.16527777777777777],[1],[0],[0],[1.2845112999998491],['target'],14,0,14,0,20.79221030000008,,5,20.781221300000198,20.79221030000008,20.79221030000008,0.015259299999797804,22.065934200000356,[-0.49027777777777776],[-0.16527777777777777],[1],[0],[0],[1.2845112999998491],['target'],0004,001,2025-09-30_16h52.41.627,Visual search 2,,2025.1.1,60.03777576844817,2025-09-30 16h52.50.471007 +0530,
15,0,15,[0.36527777777777776],[-0.27361111111111114],[1],[0],[0],[2.223346499999934],['target'],15,0,15,0,22.10893329999999,,10,22.088273800000024,22.10893329999999,22.10893329999999,0.022138599999834696,24.311837800000376,[0.36527777777777776],[-0.27361111111111114],[1],[0],[0],[2.223346499999934],['target'],0004,001,2025-09-30_16h52.41.627,Visual search 2,,2025.1.1,60.03777576844817,2025-09-30 16h52.50.471007 +0530,
16,0,16,[-0.3472222222222222],[0.05138888888888889],[1],[0],[0],[1.4642110000004323],['target'],16,0,16,0,24.359243200000037,,10,24.334538300000077,24.359243200000037,24.359243200000037,0.022422099999857892,25.798942400000215,[-0.3472222222222222],[0.05138888888888889],[1],[0],[0],[1.4642110000004323],['target'],0004,001,2025-09-30_16h52.41.627,Visual search 2,,2025.1.1,60.03777576844817,2025-09-30 16h52.50.471007 +0530,
17,0,17,[-0.2222222222222222],[0.19722222222222222],[1],[0],[0],[1.1683765000002495],['target'],17,0,17,0,25.825605200000155,,5,25.81491670000014,25.825605200000155,25.825605200000155,0.0157469000000674,26.983495400000265,[-0.2222222222222222],[0.19722222222222222],[1],[0],[0],[1.1683765000002495],['target'],0004,001,2025-09-30_16h52.41.627,Visual search 2,,2025.1.1,60.03777576844817,2025-09-30 16h52.50.471007 +0530,
18,0,18,[0.3111111111111111],[0.14027777777777778],[1],[0],[0],[1.7407837999999174],['target'],18,0,18,0,27.02575650000017,,10,27.00449000000026,27.02575650000017,27.02575650000017,0.020783099999789556,28.74546720000035,[0.3111111111111111],[0.14027777777777778],[1],[0],[0],[1.7407837999999174],['target'],0004,001,2025-09-30_16h52.41.627,Visual search 2,,2025.1.1,60.03777576844817,2025-09-30 16h52.50.471007 +0530,
19,0,19,[-0.3125],[0.4625],[1],[0],[0],[1.4208020999999462],['target'],19,0,19,0,28.77627110000003,,5,28.757971100000304,28.77627110000003,28.77627110000003,0.012263699999948585,30.17897210000001,[-0.3125],[0.4625],[1],[0],[0],[1.4208020999999462],['target'],0004,001,2025-09-30_16h52.41.627,Visual search 2,,2025.1.1,60.03777576844817,2025-09-30 16h52.50.471007 +0530,
20,0,20,[0.11666666666666667],[0.2902777777777778],[1],[0],[0],[1.3895834999998442],['target'],20,0,20,0,30.20972400000028,,5,30.192347600000176,30.20972400000028,30.20972400000028,0.013129599999956554,31.582154800000353,[0.11666666666666667],[0.2902777777777778],[1],[0],[0],[1.3895834999998442],['target'],0004,001,2025-09-30_16h52.41.627,Visual search 2,,2025.1.1,60.03777576844817,2025-09-30 16h52.50.471007 +0530,
21,0,21,[-0.4388888888888889],[0.4861111111111111],[1],[0],[0],[1.3992238999999245],['target'],21,0,21,0,31.60928610000019,,5,31.598765900000217,31.60928610000019,31.60928610000019,0.016332600000168895,32.998174199999994,[-0.4388888888888889],[0.4861111111111111],[1],[0],[0],[1.3992238999999245],['target'],0004,001,2025-09-30_16h52.41.627,Visual search 2,,2025.1.1,60.03777576844817,2025-09-30 16h52.50.471007 +0530,
22,0,22,[0.37083333333333335],[0.06666666666666667],[1],[0],[0],[1.5434672999999748],['target'],22,0,22,0,33.04280280000012,,10,33.01949760000025,33.04280280000012,33.04280280000012,0.021137799999905837,34.563172399999985,[0.37083333333333335],[0.06666666666666667],[1],[0],[0],[1.5434672999999748],['target'],0004,001,2025-09-30_16h52.41.627,Visual search 2,,2025.1.1,60.03777576844817,2025-09-30 16h52.50.471007 +0530,
23,0,23,[-0.39305555555555555],[-0.12777777777777777],[1],[0],[0],[1.4943905000000086],['target'],23,0,23,0,34.60946270000022,,10,34.5852689000003,34.60946270000022,34.60946270000022,0.0218590999998014,36.07997620000015,[-0.39305555555555555],[-0.12777777777777777],[1],[0],[0],[1.4943905000000086],['target'],0004,001,2025-09-30_16h52.41.627,Visual search 2,,2025.1.1,60.03777576844817,2025-09-30 16h52.50.471007 +0530,
24,0,24,[0.13472222222222222],[-0.3611111111111111],[1],[0],[0],[1.5896700000002966],['target'],24,0,24,0,36.11018920000015,,5,36.09264710000025,36.11018920000015,36.11018920000015,0.012372900000173104,37.68252560000019,[0.13472222222222222],[-0.3611111111111111],[1],[0],[0],[1.5896700000002966],['target'],0004,001,2025-09-30_16h52.41.627,Visual search 2,,2025.1.1,60.03777576844817,2025-09-30 16h52.50.471007 +0530,
25,0,25,[0.13055555555555556],[-0.22777777777777777],[1],[0],[0],[1.0658238999999412],['target'],25,0,25,0,37.71006380000017,,5,37.69661740000038,37.71006380000017,37.71006380000017,0.01386789999969551,38.76264370000035,[0.13055555555555556],[-0.22777777777777777],[1],[0],[0],[1.0658238999999412],['target'],0004,001,2025-09-30_16h52.41.627,Visual search 2,,2025.1.1,60.03777576844817,2025-09-30 16h52.50.471007 +0530,
26,0,26,[-0.18194444444444444],[0.3625],[1],[0],[0],[1.5894029000000955],['target'],26,0,26,0,38.79341730000033,,5,38.77690080000002,38.79341730000033,38.79341730000033,0.014015599999765982,40.36648850000029,[-0.18194444444444444],[0.3625],[1],[0],[0],[1.5894029000000955],['target'],0004,001,2025-09-30_16h52.41.627,Visual search 2,,2025.1.1,60.03777576844817,2025-09-30 16h52.50.471007 +0530,
27,0,27,[-0.1125],[-0.3861111111111111],[1],[0],[0],[1.6089944000000287],['target'],27,0,27,0,40.40994650000039,,10,40.38672530000031,40.40994650000039,40.40994650000039,0.02004639999995561,41.99596930000007,[-0.1125],[-0.3861111111111111],[1],[0],[0],[1.6089944000000287],['target'],0004,001,2025-09-30_16h52.41.627,Visual search 2,,2025.1.1,60.03777576844817,2025-09-30 16h52.50.471007 +0530,
28,0,28,[-0.05277777777777778],[0.35],[1],[0],[0],[1.5555045999999493],['target'],28,0,28,0,42.027116200000364,,5,42.01154610000003,42.027116200000364,42.027116200000364,0.015312700000322366,43.56724440000016,[-0.05277777777777778],[0.35],[1],[0],[0],[1.5555045999999493],['target'],0004,001,2025-09-30_16h52.41.627,Visual search 2,,2025.1.1,60.03777576844817,2025-09-30 16h52.50.471007 +0530,
29,0,29,[-0.059722222222222225],[-0.28055555555555556],[1],[0],[0],[1.5416949999998906],['target'],29,0,29,0,43.61036439999998,,10,43.59171480000032,43.61036439999998,43.61036439999998,0.02426259999992908,45.133603799999946,[-0.059722222222222225],[-0.28055555555555556],[1],[0],[0],[1.5416949999998906],['target'],0004,001,2025-09-30_16h52.41.627,Visual search 2,,2025.1.1,60.03777576844817,2025-09-30 16h52.50.471007 +0530,
30,0,30,[-0.05694444444444444],[0.47638888888888886],[1],[0],[0],[2.3070992999996633],['target'],30,0,30,0,45.17679309999994,,10,45.155679599999985,45.17679309999994,45.17679309999994,0.021797200000037265,47.462976100000105,[-0.05694444444444444],[0.47638888888888886],[1],[0],[0],[2.3070992999996633],['target'],0004,001,2025-09-30_16h52.41.627,Visual search 2,,2025.1.1,60.03777576844817,2025-09-30 16h52.50.471007 +0530,
31,0,31,[0.3861111111111111],[-0.3194444444444444],[1],[0],[0],[1.4339170000002923],['target'],31,0,31,0,47.49350279999999,,10,47.482493400000294,47.49350279999999,47.49350279999999,0.0192363999999543,48.9165981000001,[0.3861111111111111],[-0.3194444444444444],[1],[0],[0],[1.4339170000002923],['target'],0004,001,2025-09-30_16h52.41.627,Visual search 2,,2025.1.1,60.03777576844817,2025-09-30 16h52.50.471007 +0530,
32,0,32,[0.3625],[-0.10972222222222222],[1],[0],[0],[1.2490316999997049],['target'],32,0,32,0,48.94381290000001,,5,48.931183800000326,48.94381290000001,48.94381290000001,0.01436260000036782,50.180458499999986,[0.3625],[-0.10972222222222222],[1],[0],[0],[1.2490316999997049],['target'],0004,001,2025-09-30_16h52.41.627,Visual search 2,,2025.1.1,60.03777576844817,2025-09-30 16h52.50.471007 +0530,
33,0,33,[0.21805555555555556],[0.4666666666666667],[1],[0],[0],[1.4400682999998935],['target'],33,0,33,0,50.21101680000038,,5,50.19252450000022,50.21101680000038,50.21101680000038,0.011822899999970105,51.63280900000018,[0.21805555555555556],[0.4666666666666667],[1],[0],[0],[1.4400682999998935],['target'],0004,001,2025-09-30_16h52.41.627,Visual search 2,,2025.1.1,60.03777576844817,2025-09-30 16h52.50.471007 +0530,
34,0,34,[0.12361111111111112],[-0.18888888888888888],[1],[0],[0],[1.5597745000000032],['target'],34,0,34,0,51.67760550000003,,10,51.65681450000011,51.67760550000003,51.67760550000003,0.02375369999981558,53.216786800000136,[0.12361111111111112],[-0.18888888888888888],[1],[0],[0],[1.5597745000000032],['target'],0004,001,2025-09-30_16h52.41.627,Visual search 2,,2025.1.1,60.03777576844817,2025-09-30 16h52.50.471007 +0530,
35,0,35,[0.44722222222222224],[-0.44166666666666665],[1],[0],[0],[2.4428625000000466],['target'],35,0,35,0,53.26093250000031,,10,53.23792300000014,53.26093250000031,53.26093250000031,0.020894400000088353,55.680999000000156,[0.44722222222222224],[-0.44166666666666665],[1],[0],[0],[2.4428625000000466],['target'],0004,001,2025-09-30_16h52.41.627,Visual search 2,,2025.1.1,60.03777576844817,2025-09-30 16h52.50.471007 +0530,
36,0,36,[0.4777777777777778],[-0.28888888888888886],[1],[0],[0],[1.2822261999999682],['target'],36,0,36,0,55.7104075000002,,10,55.70138590000033,55.7104075000002,55.7104075000002,0.020125300000017887,56.98382179999999,[0.4777777777777778],[-0.28888888888888886],[1],[0],[0],[1.2822261999999682],['target'],0004,001,2025-09-30_16h52.41.627,Visual search 2,,2025.1.1,60.03777576844817,2025-09-30 16h52.50.471007 +0530,
37,0,37,[0.12222222222222222],[0.24305555555555555],[1],[0],[0],[1.5577614999997422],['target'],37,0,37,0,57.02751800000033,,10,57.00676930000009,57.02751800000033,57.02751800000033,0.02270639999960622,58.564722900000106,[0.12222222222222222],[0.24305555555555555],[1],[0],[0],[1.5577614999997422],['target'],0004,001,2025-09-30_16h52.41.627,Visual search 2,,2025.1.1,60.03777576844817,2025-09-30 16h52.50.471007 +0530,
38,0,38,[0.22916666666666666],[0.4166666666666667],[1],[0],[0],[1.3332721000001584],['target'],38,0,38,0,58.59323979999999,,10,58.583924800000204,58.59323979999999,58.59323979999999,0.018964000000323722,59.91742780000004,[0.22916666666666666],[0.4166666666666667],[1],[0],[0],[1.3332721000001584],['target'],0004,001,2025-09-30_16h52.41.627,Visual search 2,,2025.1.1,60.03777576844817,2025-09-30 16h52.50.471007 +0530,
39,0,39,[-0.016666666666666666],[-0.14583333333333334],[1],[0],[0],[1.436707800000022],['target'],39,0,39,0,59.944079800000054,,5,59.930903800000124,59.944079800000054,59.944079800000054,0.013233499999842024,61.367798700000094,[-0.016666666666666666],[-0.14583333333333334],[1],[0],[0],[1.436707800000022],['target'],0004,001,2025-09-30_16h52.41.627,Visual search 2,,2025.1.1,60.03777576844817,2025-09-30 16h52.50.471007 +0530,
40,0,40,[0.05138888888888889],[0.16111111111111112],[1],[0],[0],[1.4588073999998414],['target'],40,0,40,0,61.4114684000001,,10,61.388440400000036,61.4114684000001,61.4114684000001,0.02045399999997244,62.84746390000009,[0.05138888888888889],[0.16111111111111112],[1],[0],[0],[1.4588073999998414],['target'],0004,001,2025-09-30_16h52.41.627,Visual search 2,,2025.1.1,60.03777576844817,2025-09-30 16h52.50.471007 +0530,
41,0,41,[0.18194444444444444],[-0.3611111111111111],[1],[0],[0],[1.646519900000385],['target'],41,0,41,0,62.87776460000032,,10,62.86774430000014,62.87776460000032,62.87776460000032,0.01999680000017179,64.51447010000038,[0.18194444444444444],[-0.3611111111111111],[1],[0],[0],[1.646519900000385],['target'],0004,001,2025-09-30_16h52.41.627,Visual search 2,,2025.1.1,60.03777576844817,2025-09-30 16h52.50.471007 +0530,
42,0,42,[-0.48194444444444445],[0.3125],[1],[0],[0],[2.035780799999884],['target'],42,0,42,0,64.54457910000019,,10,64.53620249999994,64.54457910000019,64.54457910000019,0.02142469999989771,66.57220150000012,[-0.48194444444444445],[0.3125],[1],[0],[0],[2.035780799999884],['target'],0004,001,2025-09-30_16h52.41.627,Visual search 2,,2025.1.1,60.03777576844817,2025-09-30 16h52.50.471007 +0530,
43,0,43,[0.019444444444444445],[0.2833333333333333],[1],[0],[0],[1.2093211000001247],['target'],43,0,43,0,66.6101378000003,,10,66.59152750000021,66.6101378000003,66.6101378000003,0.019025499999770545,67.80103580000014,[0.019444444444444445],[0.2833333333333333],[1],[0],[0],[1.2093211000001247],['target'],0004,001,2025-09-30_16h52.41.627,Visual search 2,,2025.1.1,60.03777576844817,2025-09-30 16h52.50.471007 +0530,
44,0,44,[-0.49027777777777776],[-0.2847222222222222],[1],[0],[0],[1.3953909000001659],['target'],44,0,44,0,67.8447540000002,,10,67.82263290000037,67.8447540000002,67.8447540000002,0.021373899999616697,69.21822040000006,[-0.49027777777777776],[-0.2847222222222222],[1],[0],[0],[1.3953909000001659],['target'],0004,001,2025-09-30_16h52.41.627,Visual search 2,,2025.1.1,60.03777576844817,2025-09-30 16h52.50.471007 +0530,
45,0,45,[-0.025],[-0.18333333333333332],[1],[0],[0],[1.1845420999998169],['target'],45,0,45,0,69.24521520000008,,5,69.23047620000034,69.24521520000008,69.24521520000008,0.011971400000220456,70.41522150000037,[-0.025],[-0.18333333333333332],[1],[0],[0],[1.1845420999998169],['target'],0004,001,2025-09-30_16h52.41.627,Visual search 2,,2025.1.1,60.03777576844817,2025-09-30 16h52.50.471007 +0530,
46,0,46,[-0.15138888888888888],[0.225],[1],[0],[0],[1.2903670999999122],['target'],46,0,46,0,70.44532340000023,,5,70.42897100000027,70.44532340000023,70.44532340000023,0.013503299999683804,71.71954159999996,[-0.15138888888888888],[0.225],[1],[0],[0],[1.2903670999999122],['target'],0004,001,2025-09-30_16h52.41.627,Visual search 2,,2025.1.1,60.03777576844817,2025-09-30 16h52.50.471007 +0530,
47,0,47,[0.04583333333333333],[-0.43333333333333335],[1],[0],[0],[1.6942011000001003],['target'],47,0,47,0,71.76173850000032,,10,71.7409888000002,71.76173850000032,71.76173850000032,0.021163200000046345,73.43538680000029,[0.04583333333333333],[-0.43333333333333335],[1],[0],[0],[1.6942011000001003],['target'],0004,001,2025-09-30_16h52.41.627,Visual search 2,,2025.1.1,60.03777576844817,2025-09-30 16h52.50.471007 +0530,
48,0,48,[-0.15555555555555556],[0.05555555555555555],[1],[0],[0],[1.9610686999999416],['target'],48,0,48,0,73.47863110000026,,10,73.45639430000028,73.47863110000026,73.47863110000026,0.02076210000041101,75.41765750000013,[-0.15555555555555556],[0.05555555555555555],[1],[0],[0],[1.9610686999999416],['target'],0004,001,2025-09-30_16h52.41.627,Visual search 2,,2025.1.1,60.03777576844817,2025-09-30 16h52.50.471007 +0530,
49,0,49,[-0.31805555555555554],[0.26805555555555555],[1],[0],[0],[1.7098925000000236],['target'],49,0,49,0,75.46191820000013,,10,75.4383141000003,75.46191820000013,75.46191820000013,0.02039699999977529,77.14842530000033,[-0.31805555555555554],[0.26805555555555555],[1],[0],[0],[1.7098925000000236],['target'],0004,001,2025-09-30_16h52.41.627,Visual search 2,,2025.1.1,60.03777576844817,2025-09-30 16h52.50.471007 +0530,
50,0,50,[-0.015277777777777777],[-0.3194444444444444],[1],[0],[0],[1.6045798000000104],['target'],50,0,50,0,77.17910350000011,,5,77.16405160000022,77.17910350000011,77.17910350000011,0.015374600000086502,78.76886880000029,[-0.015277777777777777],[-0.3194444444444444],[1],[0],[0],[1.6045798000000104],['target'],0004,001,2025-09-30_16h52.41.627,Visual search 2,,2025.1.1,60.03777576844817,2025-09-30 16h52.50.471007 +0530,
51,0,51,[-0.12361111111111112],[-0.24166666666666667],[1],[0],[0],[1.1019173999998202],['target'],51,0,51,0,78.79517250000026,,5,78.78356040000017,78.79517250000026,78.79517250000026,0.01447760000019116,79.88570000000027,[-0.12361111111111112],[-0.24166666666666667],[1],[0],[0],[1.1019173999998202],['target'],0004,001,2025-09-30_16h52.41.627,Visual search 2,,2025.1.1,60.03777576844817,2025-09-30 16h52.50.471007 +0530,
52,0,52,[-0.175],[-0.027777777777777776],[1],[0],[0],[1.1496601999997438],['target'],52,0,52,0,79.91184330000033,,5,79.90213010000025,79.91184330000033,79.91184330000033,0.01623810000000958,81.05200300000024,[-0.175],[-0.027777777777777776],[1],[0],[0],[1.1496601999997438],['target'],0004,001,2025-09-30_16h52.41.627,Visual search 2,,2025.1.1,60.03777576844817,2025-09-30 16h52.50.471007 +0530,
53,0,53,[-0.13194444444444445],[0.2847222222222222],[1],[0],[0],[1.315107600000374],['target'],53,0,53,0,81.07895189999999,,5,81.06637850000016,81.07895189999999,81.07895189999999,0.014173200000186625,82.38168280000036,[-0.13194444444444445],[0.2847222222222222],[1],[0],[0],[1.315107600000374],['target'],0004,001,2025-09-30_16h52.41.627,Visual search 2,,2025.1.1,60.03777576844817,2025-09-30 16h52.50.471007 +0530,
54,0,54,[-0.1388888888888889],[0.43472222222222223],[1],[0],[0],[1.174366000000191],['target'],54,0,54,0,82.41228600000022,,5,82.3952806000002,82.41228600000022,82.41228600000022,0.013406699999904959,83.56985320000013,[-0.1388888888888889],[0.43472222222222223],[1],[0],[0],[1.174366000000191],['target'],0004,001,2025-09-30_16h52.41.627,Visual search 2,,2025.1.1,60.03777576844817,2025-09-30 16h52.50.471007 +0530,
55,0,55,[-0.12777777777777777],[0.4736111111111111],[1],[0],[0],[2.1352438999997503],['target'],55,0,55,0,83.59538760000032,,5,83.58355930000016,83.59538760000032,83.59538760000032,0.013494999999693391,85.71899690000009,[-0.12777777777777777],[0.4736111111111111],[1],[0],[0],[2.1352438999997503],['target'],0004,001,2025-09-30_16h52.41.627,Visual search 2,,2025.1.1,60.03777576844817,2025-09-30 16h52.50.471007 +0530,
56,0,56,[-0.28194444444444444],[0.16111111111111112],[1],[0],[0],[1.186420100000305],['target'],56,0,56,0,85.7458971000001,,5,85.73325260000001,85.7458971000001,85.7458971000001,0.014046600000256149,86.91986769999994,[-0.28194444444444444],[0.16111111111111112],[1],[0],[0],[1.186420100000305],['target'],0004,001,2025-09-30_16h52.41.627,Visual search 2,,2025.1.1,60.03777576844817,2025-09-30 16h52.50.471007 +0530,
57,0,57,[0.32083333333333336],[-0.26805555555555555],[1],[0],[0],[1.283967500000017],['target'],57,0,57,0,86.9455525000003,,5,86.93470000000025,86.9455525000003,86.9455525000003,0.014628699999775563,88.2188712000002,[0.32083333333333336],[-0.26805555555555555],[1],[0],[0],[1.283967500000017],['target'],0004,001,2025-09-30_16h52.41.627,Visual search 2,,2025.1.1,60.03777576844817,2025-09-30 16h52.50.471007 +0530,
58,0,58,[-0.24861111111111112],[0.4166666666666667],[1],[0],[0],[1.1827443999995921],['target'],58,0,58,0,88.24588340000037,,5,88.23285900000019,88.24588340000037,88.24588340000037,0.01373039999998582,89.41579470000033,[-0.24861111111111112],[0.4166666666666667],[1],[0],[0],[1.1827443999995921],['target'],0004,001,2025-09-30_16h52.41.627,Visual search 2,,2025.1.1,60.03777576844817,2025-09-30 16h52.50.471007 +0530,
59,0,59,[0.29583333333333334],[0.1375],[1],[0],[0],[1.9275137000004179],['target'],59,0,59,0,89.4629331000001,,10,89.43827610000017,89.4629331000001,89.4629331000001,0.0222831999999471,91.36600440000029,[0.29583333333333334],[0.1375],[1],[0],[0],[1.9275137000004179],['target'],0004,001,2025-09-30_16h52.41.627,Visual search 2,,2025.1.1,60.03777576844817,2025-09-30 16h52.50.471007 +0530,
60,0,60,[0.15694444444444444],[-0.29305555555555557],[1],[0],[0],[1.4937205999999605],['target'],60,0,60,0,91.41287990000001,,10,91.3888952000002,91.41287990000001,91.41287990000001,0.022613799999817275,92.88282079999999,[0.15694444444444444],[-0.29305555555555557],[1],[0],[0],[1.4937205999999605],['target'],0004,001,2025-09-30_16h52.41.627,Visual search 2,,2025.1.1,60.03777576844817,2025-09-30 16h52.50.471007 +0530,
61,0,61,[-0.21666666666666667],[-0.3277777777777778],[1],[0],[0],[2.160427599999821],['target'],61,0,61,0,92.92978140000014,,10,92.90519210000002,92.92978140000014,92.92978140000014,0.022108699999989767,95.0658499000001,[-0.21666666666666667],[-0.3277777777777778],[1],[0],[0],[2.160427599999821],['target'],0004,001,2025-09-30_16h52.41.627,Visual search 2,,2025.1.1,60.03777576844817,2025-09-30 16h52.50.471007 +0530,
62,0,62,[0.375],[0.2791666666666667],[1],[0],[0],[1.5260197000002336],['target'],62,0,62,0,95.11290570000028,,10,95.0943787000001,95.11290570000028,95.11290570000028,0.02812500000027285,96.620586,[0.375],[0.2791666666666667],[1],[0],[0],[1.5260197000002336],['target'],0004,001,2025-09-30_16h52.41.627,Visual search 2,,2025.1.1,60.03777576844817,2025-09-30 16h52.50.471007 +0530,
63,0,63,[0.0],[0.2],[1],[0],[0],[1.329316700000163],['target'],63,0,63,0,96.66334170000027,,10,96.64159480000035,96.66334170000027,96.66334170000027,0.02078110000002198,97.97110969999994,[0.0],[0.2],[1],[0],[0],[1.329316700000163],['target'],0004,001,2025-09-30_16h52.41.627,Visual search 2,,2025.1.1,60.03777576844817,2025-09-30 16h52.50.471007 +0530,
64,0,64,[-0.011111111111111112],[0.2972222222222222],[1],[0],[0],[1.0163093000001027],['target'],64,0,64,0,97.99651790000007,,5,97.9862836000002,97.99651790000007,97.99651790000007,0.014934900000298512,99.00278920000028,[-0.011111111111111112],[0.2972222222222222],[1],[0],[0],[1.0163093000001027],['target'],0004,001,2025-09-30_16h52.41.627,Visual search 2,,2025.1.1,60.03777576844817,2025-09-30 16h52.50.471007 +0530,
65,0,65,[-0.12777777777777777],[-0.14027777777777778],[1],[0],[0],[1.361576199999945],['target'],65,0,65,0,99.04650540000011,,10,99.02393329999995,99.04650540000011,99.04650540000011,0.020945499999925232,100.38571440000032,[-0.12777777777777777],[-0.14027777777777778],[1],[0],[0],[1.361576199999945],['target'],0004,001,2025-09-30_16h52.41.627,Visual search 2,,2025.1.1,60.03777576844817,2025-09-30 16h52.50.471007 +0530,
66,0,66,[0.4027777777777778],[-0.08611111111111111],[1],[0],[0],[1.543799200000194],['target'],66,0,66,0,100.4298530000001,,10,100.40932900000007,100.4298530000001,100.4298530000001,0.02337310000029902,101.95333329999994,[0.4027777777777778],[-0.08611111111111111],[1],[0],[0],[1.543799200000194],['target'],0004,001,2025-09-30_16h52.41.627,Visual search 2,,2025.1.1,60.03777576844817,2025-09-30 16h52.50.471007 +0530,
67,0,67,[0.23194444444444445],[0.2569444444444444],[1],[0],[0],[1.352889100000084],['target'],67,0,67,0,101.98028050000039,,5,101.96647490000032,101.98028050000039,101.98028050000039,0.01286130000016783,103.31956630000013,[0.23194444444444445],[0.2569444444444444],[1],[0],[0],[1.352889100000084],['target'],0004,001,2025-09-30_16h52.41.627,Visual search 2,,2025.1.1,60.03777576844817,2025-09-30 16h52.50.471007 +0530,
68,0,68,[-0.33194444444444443],[0.23472222222222222],[1],[0],[0],[1.719687199999953],['target'],68,0,68,0,103.34662700000035,,5,103.33349739999994,103.34662700000035,103.34662700000035,0.013736599999901955,105.05341970000018,[-0.33194444444444443],[0.23472222222222222],[1],[0],[0],[1.719687199999953],['target'],0004,001,2025-09-30_16h52.41.627,Visual search 2,,2025.1.1,60.03777576844817,2025-09-30 16h52.50.471007 +0530,
69,0,69,[-0.02638888888888889],[-0.36666666666666664],[1],[0],[0],[1.5950179000001299],['target'],69,0,69,0,105.09700360000033,,10,105.07563870000013,105.09700360000033,105.09700360000033,0.02200780000021041,106.67083950000006,[-0.02638888888888889],[-0.36666666666666664],[1],[0],[0],[1.5950179000001299],['target'],0004,001,2025-09-30_16h52.41.627,Visual search 2,,2025.1.1,60.03777576844817,2025-09-30 16h52.50.471007 +0530,
70,0,70,[-0.019444444444444445],[-0.1763888888888889],[1],[0],[0],[1.300730200000089],['target'],70,0,70,0,106.69720860000007,,5,106.68497750000006,106.69720860000007,106.69720860000007,0.013913700000102835,107.98589740000034,[-0.019444444444444445],[-0.1763888888888889],[1],[0],[0],[1.300730200000089],['target'],0004,001,2025-09-30_16h52.41.627,Visual search 2,,2025.1.1,60.03777576844817,2025-09-30 16h52.50.471007 +0530,
71,0,71,[-0.4486111111111111],[0.4527777777777778],[1],[0],[0],[2.12891049999962],['target'],71,0,71,0,108.03047960000004,,10,108.00836449999997,108.03047960000004,108.03047960000004,0.02226890000019921,110.1374836,[-0.4486111111111111],[0.4527777777777778],[1],[0],[0],[2.12891049999962],['target'],0004,001,2025-09-30_16h52.41.627,Visual search 2,,2025.1.1,60.03777576844817,2025-09-30 16h52.50.471007 +0530,
72,0,72,[-0.4513888888888889],[0.4638888888888889],[1],[0],[0],[2.0568192999999155],['target'],72,0,72,0,110.18059310000035,,10,110.15982510000003,110.18059310000035,110.18059310000035,0.02207860000044093,112.21685360000038,[-0.4513888888888889],[0.4638888888888889],[1],[0],[0],[2.0568192999999155],['target'],0004,001,2025-09-30_16h52.41.627,Visual search 2,,2025.1.1,60.03777576844817,2025-09-30 16h52.50.471007 +0530,
73,0,73,[-0.44722222222222224],[0.31666666666666665],[1],[0],[0],[0.9935447000002569],['target'],73,0,73,0,112.26403419999997,,10,112.23951930000021,112.26403419999997,112.26403419999997,0.02241550000007919,113.23332819999996,[-0.44722222222222224],[0.31666666666666665],[1],[0],[0],[0.9935447000002569],['target'],0004,001,2025-09-30_16h52.41.627,Visual search 2,,2025.1.1,60.03777576844817,2025-09-30 16h52.50.471007 +0530,
74,0,74,[-0.20277777777777778],[-0.029166666666666667],[1],[0],[0],[1.2815607000002274],['target'],74,0,74,0,113.26392910000004,,5,113.25465290000011,113.26392910000004,113.26392910000004,0.020859499999914988,114.53646230000004,[-0.20277777777777778],[-0.029166666666666667],[1],[0],[0],[1.2815607000002274],['target'],0004,001,2025-09-30_16h52.41.627,Visual search 2,,2025.1.1,60.03777576844817,2025-09-30 16h52.50.471007 +0530,
75,0,75,[-0.15],[0.4375],[1],[0],[0],[2.001261099999738],['target'],75,0,75,0,114.56446060000007,,5,114.55235380000022,114.56446060000007,114.56446060000007,0.015700399999786896,116.55383010000014,[-0.15],[0.4375],[1],[0],[0],[2.001261099999738],['target'],0004,001,2025-09-30_16h52.41.627,Visual search 2,,2025.1.1,60.03777576844817,2025-09-30 16h52.50.471007 +0530,
76,0,76,[-0.3458333333333333],[0.3625],[1],[0],[0],[5.035958700000265],['target'],76,0,76,0,116.58068700000013,,5,116.56739920000018,116.58068700000013,116.58068700000013,0.013349199999993289,121.60354580000012,[-0.3458333333333333],[0.3625],[1],[0],[0],[5.035958700000265],['target'],0004,001,2025-09-30_16h52.41.627,Visual search 2,,2025.1.1,60.03777576844817,2025-09-30 16h52.50.471007 +0530,
77,0,77,[-0.325],[-0.3875],[1],[0],[0],[2.3200807000002897],['target'],77,0,77,0,121.6312484,,5,121.6175059000002,121.6312484,121.6312484,0.013758900000084395,123.93777870000031,[-0.325],[-0.3875],[1],[0],[0],[2.3200807000002897],['target'],0004,001,2025-09-30_16h52.41.627,Visual search 2,,2025.1.1,60.03777576844817,2025-09-30 16h52.50.471007 +0530,
78,0,78,[-0.05694444444444444],[0.4652777777777778],[1],[0],[0],[2.519277299999885],['target'],78,0,78,0,123.96463660000018,,5,123.95215589999998,123.96463660000018,123.96463660000018,0.014172300000154792,126.47162700000035,[-0.05694444444444444],[0.4652777777777778],[1],[0],[0],[2.519277299999885],['target'],0004,001,2025-09-30_16h52.41.627,Visual search 2,,2025.1.1,60.03777576844817,2025-09-30 16h52.50.471007 +0530,
79,0,79,[-0.09027777777777778],[-0.325],[1],[0],[0],[1.4847721000001002],['target'],79,0,79,0,126.49821820000034,,5,126.48601780000035,126.49821820000034,126.49821820000034,0.014198700000179088,127.97097729999996,[-0.09027777777777778],[-0.325],[1],[0],[0],[1.4847721000001002],['target'],0004,001,2025-09-30_16h52.41.627,Visual search 2,,2025.1.1,60.03777576844817,2025-09-30 16h52.50.471007 +0530,
80,0,80,[0.32916666666666666],[0.1986111111111111],[1],[0],[0],[1.3932666999999128],['target'],80,0,80,0,128.0156505,,10,127.99467100000038,128.0156505,128.0156505,0.023478999999952066,129.3881190000002,[0.32916666666666666],[0.1986111111111111],[1],[0],[0],[1.3932666999999128],['target'],0004,001,2025-09-30_16h52.41.627,Visual search 2,,2025.1.1,60.03777576844817,2025-09-30 16h52.50.471007 +0530,
81,0,81,[0.24444444444444444],[0.02361111111111111],[1],[0],[0],[1.3338615999996364],['target'],81,0,81,0,129.4146842,,5,129.40263820000018,129.4146842,129.4146842,0.014245200000004843,130.73669180000024,[0.24444444444444444],[0.02361111111111111],[1],[0],[0],[1.3338615999996364],['target'],0004,001,2025-09-30_16h52.41.627,Visual search 2,,2025.1.1,60.03777576844817,2025-09-30 16h52.50.471007 +0530,
82,0,82,[0.06388888888888888],[-0.034722222222222224],[1],[0],[0],[1.3769053000000895],['target'],82,0,82,0,130.78075850000005,,10,130.7603107,130.78075850000005,130.78075850000005,0.023352100000010978,132.13741340000024,[0.06388888888888888],[-0.034722222222222224],[1],[0],[0],[1.3769053000000895],['target'],0004,001,2025-09-30_16h52.41.627,Visual search 2,,2025.1.1,60.03777576844817,2025-09-30 16h52.50.471007 +0530,
83,0,83,[-0.24722222222222223],[-0.2972222222222222],[1],[0],[0],[1.7317665000000488],['target'],83,0,83,0,132.18173530000013,,10,132.15696460000026,132.18173530000013,132.18173530000013,0.01930839999977252,133.88892110000006,[-0.24722222222222223],[-0.2972222222222222],[1],[0],[0],[1.7317665000000488],['target'],0004,001,2025-09-30_16h52.41.627,Visual search 2,,2025.1.1,60.03777576844817,2025-09-30 16h52.50.471007 +0530,
84,0,84,[-0.11805555555555555],[0.31666666666666665],[1],[0],[0],[1.2262515000002168],['target'],84,0,84,0,133.93202840000004,,10,133.9122728000002,133.93202840000004,133.93202840000004,0.023122999999941385,135.13875499999995,[-0.11805555555555555],[0.31666666666666665],[1],[0],[0],[1.2262515000002168],['target'],0004,001,2025-09-30_16h52.41.627,Visual search 2,,2025.1.1,60.03777576844817,2025-09-30 16h52.50.471007 +0530,
85,0,85,[0.12638888888888888],[-0.3736111111111111],[1],[0],[0],[1.5175839999997152],['target'],85,0,85,0,135.16502949999995,,5,135.15091040000016,135.16502949999995,135.16502949999995,0.011931700000332057,136.66862730000003,[0.12638888888888888],[-0.3736111111111111],[1],[0],[0],[1.5175839999997152],['target'],0004,001,2025-09-30_16h52.41.627,Visual search 2,,2025.1.1,60.03777576844817,2025-09-30 16h52.50.471007 +0530,
86,0,86,[-0.24583333333333332],[0.325],[1],[0],[0],[1.2190267999999378],['target'],86,0,86,0,136.69889290000037,,10,136.68528530000003,136.69889290000037,136.69889290000037,0.016561799999635696,137.90461460000006,[-0.24583333333333332],[0.325],[1],[0],[0],[1.2190267999999378],['target'],0004,001,2025-09-30_16h52.41.627,Visual search 2,,2025.1.1,60.03777576844817,2025-09-30 16h52.50.471007 +0530,
87,0,87,[0.5069444444444444],[-0.14722222222222223],[1],[0],[0],[1.467877000000044],['target'],87,0,87,0,137.93210750000026,,5,137.91967999999997,137.93210750000026,137.93210750000026,0.014803000000028987,139.3877424000002,[0.5069444444444444],[-0.14722222222222223],[1],[0],[0],[1.467877000000044],['target'],0004,001,2025-09-30_16h52.41.627,Visual search 2,,2025.1.1,60.03777576844817,2025-09-30 16h52.50.471007 +0530,
88,0,88,[0.16527777777777777],[0.3],[1],[0],[0],[2.1463087000001906],['target'],88,0,88,0,139.4323614,,10,139.40877450000016,139.4323614,139.4323614,0.02084500000000844,141.55527280000024,[0.16527777777777777],[0.3],[1],[0],[0],[2.1463087000001906],['target'],0004,001,2025-09-30_16h52.41.627,Visual search 2,,2025.1.1,60.03777576844817,2025-09-30 16h52.50.471007 +0530,
89,0,89,[-0.022222222222222223],[-0.29444444444444445],[1],[0],[0],[1.5810100999997303],['target'],89,0,89,0,141.59889210000028,,10,141.57474679999996,141.59889210000028,141.59889210000028,0.019249999999829015,143.15595220000023,[-0.022222222222222223],[-0.29444444444444445],[1],[0],[0],[1.5810100999997303],['target'],0004,001,2025-09-30_16h52.41.627,Visual search 2,,2025.1.1,60.03777576844817,2025-09-30 16h52.50.471007 +0530,
90,0,90,[0.3472222222222222],[0.015277777777777777],[1],[0],[0],[1.4715099999998529],['target'],90,0,90,0,143.18259030000036,,5,143.1675421,143.18259030000036,143.18259030000036,0.01135229999999865,144.63926579999998,[0.3472222222222222],[0.015277777777777777],[1],[0],[0],[1.4715099999998529],['target'],0004,001,2025-09-30_16h52.41.627,Visual search 2,,2025.1.1,60.03777576844817,2025-09-30 16h52.50.471007 +0530,
91,0,91,[0.15694444444444444],[-0.43472222222222223],[1],[0],[0],[2.1443019000003005],['target'],91,0,91,0,144.68257360000007,,10,144.65983790000018,144.68257360000007,144.68257360000007,0.020334700000148587,146.8043579,[0.15694444444444444],[-0.43472222222222223],[1],[0],[0],[2.1443019000003005],['target'],0004,001,2025-09-30_16h52.41.627,Visual search 2,,2025.1.1,60.03777576844817,2025-09-30 16h52.50.471007 +0530,
92,0,92,[0.029166666666666667],[-0.35138888888888886],[1],[0],[0],[1.0865335999997114],['target'],92,0,92,0,146.8315987000001,,5,146.81930839999995,146.8315987000001,146.8315987000001,0.01463709999961793,147.9060416000002,[0.029166666666666667],[-0.35138888888888886],[1],[0],[0],[1.0865335999997114],['target'],0004,001,2025-09-30_16h52.41.627,Visual search 2,,2025.1.1,60.03777576844817,2025-09-30 16h52.50.471007 +0530,
93,0,93,[0.35],[-0.38333333333333336],[1],[0],[0],[1.3336017999999967],['target'],93,0,93,0,147.93258070000002,,5,147.9213966000002,147.93258070000002,147.93258070000002,0.01516589999982898,149.25519460000032,[0.35],[-0.38333333333333336],[1],[0],[0],[1.3336017999999967],['target'],0004,001,2025-09-30_16h52.41.627,Visual search 2,,2025.1.1,60.03777576844817,2025-09-30 16h52.50.471007 +0530,
94,0,94,[0.29444444444444445],[0.15833333333333333],[1],[0],[0],[1.4369274999999107],['target'],94,0,94,0,149.28294270000015,,5,149.26803540000037,149.28294270000015,149.28294270000015,0.012590600000294216,150.70514570000023,[0.29444444444444445],[0.15833333333333333],[1],[0],[0],[1.4369274999999107],['target'],0004,001,2025-09-30_16h52.41.627,Visual search 2,,2025.1.1,60.03777576844817,2025-09-30 16h52.50.471007 +0530,
95,0,95,[-0.4888888888888889],[-0.07222222222222222],[1],[0],[0],[1.5037537999996857],['target'],95,0,95,0,150.73317940000015,,5,150.71928490000028,150.73317940000015,150.73317940000015,0.013957199999822478,152.22323770000003,[-0.4888888888888889],[-0.07222222222222222],[1],[0],[0],[1.5037537999996857],['target'],0004,001,2025-09-30_16h52.41.627,Visual search 2,,2025.1.1,60.03777576844817,2025-09-30 16h52.50.471007 +0530,
96,0,96,[-0.13055555555555556],[0.3333333333333333],[1],[0],[0],[1.9274287999996886],['target'],96,0,96,0,152.2660238000003,,10,152.24576750000006,152.2660238000003,152.2660238000003,0.02232640000011088,154.17345160000013,[-0.13055555555555556],[0.3333333333333333],[1],[0],[0],[1.9274287999996886],['target'],0004,001,2025-09-30_16h52.41.627,Visual search 2,,2025.1.1,60.03777576844817,2025-09-30 16h52.50.471007 +0530,
97,0,97,[-0.13472222222222222],[-0.1638888888888889],[1],[0],[0],[1.7265074000001732],['target'],97,0,97,0,154.21635570000035,,10,154.19319440000027,154.21635570000035,154.21635570000035,0.01950459999989107,155.9199563000002,[-0.13472222222222222],[-0.1638888888888889],[1],[0],[0],[1.7265074000001732],['target'],0004,001,2025-09-30_16h52.41.627,Visual search 2,,2025.1.1,60.03777576844817,2025-09-30 16h52.50.471007 +0530,
98,0,98,[-0.015277777777777777],[-0.1527777777777778],[1],[0],[0],[1.4498607999998967],['target'],98,0,98,0,155.94977850000032,,10,155.93955600000027,155.94977850000032,155.94977850000032,0.01934879999998884,157.3896138,[-0.015277777777777777],[-0.1527777777777778],[1],[0],[0],[1.4498607999998967],['target'],0004,001,2025-09-30_16h52.41.627,Visual search 2,,2025.1.1,60.03777576844817,2025-09-30 16h52.50.471007 +0530,
99,0,99,[0.14444444444444443],[-0.059722222222222225],[1],[0],[0],[1.4622669000000315],['target'],99,0,99,0,157.43319629999996,,10,157.40924680000035,157.43319629999996,157.43319629999996,0.019374099999822647,158.8717388,[0.14444444444444443],[-0.059722222222222225],[1],[0],[0],[1.4622669000000315],['target'],0004,001,2025-09-30_16h52.41.627,Visual search 2,,2025.1.1,60.03777576844817,2025-09-30 16h52.50.471007 +0530,
100,0,100,[0.12083333333333333],[0.06805555555555555],[1],[0],[0],[1.1837637999997241],['target'],100,0,100,0,158.89966700000014,,5,158.88937310000028,158.89966700000014,158.89966700000014,0.01721319999978732,160.07333590000007,[0.12083333333333333],[0.06805555555555555],[1],[0],[0],[1.1837637999997241],['target'],0004,001,2025-09-30_16h52.41.627,Visual search 2,,2025.1.1,60.03777576844817,2025-09-30 16h52.50.471007 +0530,
101,0,101,[-0.14444444444444443],[-0.13194444444444445],[1],[0],[0],[1.2036321000000498],['target'],101,0,101,0,160.10008500000004,,5,160.0865815000002,160.10008500000004,160.10008500000004,0.0130447000001368,161.29040239999995,[-0.14444444444444443],[-0.13194444444444445],[1],[0],[0],[1.2036321000000498],['target'],0004,001,2025-09-30_16h52.41.627,Visual search 2,,2025.1.1,60.03777576844817,2025-09-30 16h52.50.471007 +0530,
102,0,102,[-0.31805555555555554],[-0.04861111111111111],[1],[0],[0],[1.2608557000003202],['target'],102,0,102,0,161.33348270000033,,10,161.31407200000012,161.33348270000033,161.33348270000033,0.023482899999635265,162.57512130000032,[-0.31805555555555554],[-0.04861111111111111],[1],[0],[0],[1.2608557000003202],['target'],0004,001,2025-09-30_16h52.41.627,Visual search 2,,2025.1.1,60.03777576844817,2025-09-30 16h52.50.471007 +0530,
103,0,103,[-0.33194444444444443],[0.46805555555555556],[1],[0],[0],[2.9118273000003683],['target'],103,0,103,0,162.61678770000026,,10,162.59527389999994,162.61678770000026,162.61678770000026,0.019937400000344496,165.50729580000007,[-0.33194444444444443],[0.46805555555555556],[1],[0],[0],[2.9118273000003683],['target'],0004,001,2025-09-30_16h52.41.627,Visual search 2,,2025.1.1,60.03777576844817,2025-09-30 16h52.50.471007 +0530,
104,0,104,[-0.44722222222222224],[0.19027777777777777],[1],[0],[0],[1.6656308999999965],['target'],104,0,104,0,165.53363820000004,,5,165.5237621000001,165.53363820000004,165.53363820000004,0.01624039999978777,167.18959190000032,[-0.44722222222222224],[0.19027777777777777],[1],[0],[0],[1.6656308999999965],['target'],0004,001,2025-09-30_16h52.41.627,Visual search 2,,2025.1.1,60.03777576844817,2025-09-30 16h52.50.471007 +0530,
105,0,105,[0.044444444444444446],[-0.1375],[1],[0],[0],[1.2514184999999998],['target'],105,0,105,0,167.216993,,5,167.20529420000003,167.216993,167.216993,0.015475799999876472,168.45693250000022,[0.044444444444444446],[-0.1375],[1],[0],[0],[1.2514184999999998],['target'],0004,001,2025-09-30_16h52.41.627,Visual search 2,,2025.1.1,60.03777576844817,2025-09-30 16h52.50.471007 +0530,
106,0,106,[0.08472222222222223],[-0.3486111111111111],[1],[0],[0],[1.6866573000002063],['target'],106,0,106,0,168.48411890000034,,5,168.47010060000002,168.48411890000034,168.48411890000034,0.012975699999969947,170.15695200000027,[0.08472222222222223],[-0.3486111111111111],[1],[0],[0],[1.6866573000002063],['target'],0004,001,2025-09-30_16h52.41.627,Visual search 2,,2025.1.1,60.03777576844817,2025-09-30 16h52.50.471007 +0530,
107,0,107,[-0.37916666666666665],[-0.11666666666666667],[1],[0],[0],[1.2668580999998085],['target'],107,0,107,0,170.18404899999996,,5,170.16966590000038,170.18404899999996,170.18404899999996,0.012536599999748432,171.4367572000001,[-0.37916666666666665],[-0.11666666666666667],[1],[0],[0],[1.2668580999998085],['target'],0004,001,2025-09-30_16h52.41.627,Visual search 2,,2025.1.1,60.03777576844817,2025-09-30 16h52.50.471007 +0530,
108,0,108,[0.3736111111111111],[-0.4097222222222222],[1],[0],[0],[1.3858807999999954],['target'],108,0,108,0,171.4675596000002,,5,171.45385020000003,171.4675596000002,171.4675596000002,0.01674940000020797,172.8399403000003,[0.3736111111111111],[-0.4097222222222222],[1],[0],[0],[1.3858807999999954],['target'],0004,001,2025-09-30_16h52.41.627,Visual search 2,,2025.1.1,60.03777576844817,2025-09-30 16h52.50.471007 +0530,
109,0,109,[0.3902777777777778],[-0.07222222222222222],[1],[0],[0],[1.5618669999998929],['target'],109,0,109,0,172.88412040000003,,10,172.86047989999997,172.88412040000003,172.88412040000003,0.020339100000001054,174.42255380000006,[0.3902777777777778],[-0.07222222222222222],[1],[0],[0],[1.5618669999998929],['target'],0004,001,2025-09-30_16h52.41.627,Visual search 2,,2025.1.1,60.03777576844817,2025-09-30 16h52.50.471007 +0530,
110,0,110,[-0.30833333333333335],[0.14583333333333334],[1],[0],[0],[1.6381482000001597],['target'],110,0,110,0,174.45060990000002,,5,174.43687960000034,174.45060990000002,174.45060990000002,0.014071399999920686,176.07521700000007,[-0.30833333333333335],[0.14583333333333334],[1],[0],[0],[1.6381482000001597],['target'],0004,001,2025-09-30_16h52.41.627,Visual search 2,,2025.1.1,60.03777576844817,2025-09-30 16h52.50.471007 +0530,
111,0,111,[-0.21944444444444444],[0.35138888888888886],[1],[0],[0],[1.308597700000064],['target'],111,0,111,0,176.1174417000002,,10,176.09932900000013,176.1174417000002,176.1174417000002,0.02391689999967639,177.40812010000036,[-0.21944444444444444],[0.35138888888888886],[1],[0],[0],[1.308597700000064],['target'],0004,001,2025-09-30_16h52.41.627,Visual search 2,,2025.1.1,60.03777576844817,2025-09-30 16h52.50.471007 +0530,
112,0,112,[0.45694444444444443],[0.17916666666666667],[1],[0],[0],[1.6299199000000044],['target'],112,0,112,0,177.45136739999998,,10,177.42796150000004,177.45136739999998,177.45136739999998,0.019606000000294443,179.05807870000035,[0.45694444444444443],[0.17916666666666667],[1],[0],[0],[1.6299199000000044],['target'],0004,001,2025-09-30_16h52.41.627,Visual search 2,,2025.1.1,60.03777576844817,2025-09-30 16h52.50.471007 +0530,
113,0,113,[0.12777777777777777],[0.4125],[1],[0],[0],[2.444645000000037],['target'],113,0,113,0,179.10100740000007,,10,179.07913830000007,179.10100740000007,179.10100740000007,0.020803800000066985,181.52400460000035,[0.12777777777777777],[0.4125],[1],[0],[0],[2.444645000000037],['target'],0004,001,2025-09-30_16h52.41.627,Visual search 2,,2025.1.1,60.03777576844817,2025-09-30 16h52.50.471007 +0530,
114,0,114,[-0.3402777777777778],[-0.18194444444444444],[1],[0],[0],[1.434885000000122],['target'],114,0,114,0,181.5515432000002,,5,181.53897040000038,181.5515432000002,181.5515432000002,0.014696900000217283,182.9740469000003,[-0.3402777777777778],[-0.18194444444444444],[1],[0],[0],[1.434885000000122],['target'],0004,001,2025-09-30_16h52.41.627,Visual search 2,,2025.1.1,60.03777576844817,2025-09-30 16h52.50.471007 +0530,
115,0,115,[-0.3875],[0.06944444444444445],[1],[0],[0],[1.692450000000008],['target'],115,0,115,0,183.01804600000014,,10,182.99470940000037,183.01804600000014,183.01804600000014,0.020428899999842542,184.68736790000003,[-0.3875],[0.06944444444444445],[1],[0],[0],[1.692450000000008],['target'],0004,001,2025-09-30_16h52.41.627,Visual search 2,,2025.1.1,60.03777576844817,2025-09-30 16h52.50.471007 +0530,
116,0,116,[-0.11666666666666667],[-0.45416666666666666],[1],[0],[0],[1.407387099999596],['target'],116,0,116,0,184.71872910000002,,5,184.70006230000035,184.71872910000002,184.71872910000002,0.012399600000208011,186.1076406000002,[-0.11666666666666667],[-0.45416666666666666],[1],[0],[0],[1.407387099999596],['target'],0004,001,2025-09-30_16h52.41.627,Visual search 2,,2025.1.1,60.03777576844817,2025-09-30 16h52.50.471007 +0530,
117,0,117,[-0.31666666666666665],[0.002777777777777778],[1],[0],[0],[1.1529130999997506],['target'],117,0,117,0,186.13493600000038,,5,186.1211712000004,186.13493600000038,186.13493600000038,0.013323600000148872,187.2742846000001,[-0.31666666666666665],[0.002777777777777778],[1],[0],[0],[1.1529130999997506],['target'],0004,001,2025-09-30_16h52.41.627,Visual search 2,,2025.1.1,60.03777576844817,2025-09-30 16h52.50.471007 +0530,
118,0,118,[-0.18333333333333332],[0.09027777777777778],[1],[0],[0],[2.043732199999795],['target'],118,0,118,0,187.31809380000004,,10,187.297689,187.31809380000004,187.31809380000004,0.02321769999980461,189.34162670000023,[-0.18333333333333332],[0.09027777777777778],[1],[0],[0],[2.043732199999795],['target'],0004,001,2025-09-30_16h52.41.627,Visual search 2,,2025.1.1,60.03777576844817,2025-09-30 16h52.50.471007 +0530,
119,0,119,[0.375],[0.375],[1],[0],[0],[1.9683735999997225],['target'],119,0,119,0,189.36819920000016,,5,189.35616430000027,189.36819920000016,189.36819920000016,0.014266300000144838,191.32473449999998,[0.375],[0.375],[1],[0],[0],[1.9683735999997225],['target'],0004,001,2025-09-30_16h52.41.627,Visual search 2,,2025.1.1,60.03777576844817,2025-09-30 16h52.50.471007 +0530,
120,0,120,[-0.30972222222222223],[0.2222222222222222],[1],[0],[0],[1.1954664999998386],['target'],120,0,120,0,191.3682606000002,,10,191.3465782000003,191.3682606000002,191.3682606000002,0.021647099999881902,192.54224490000024,[-0.30972222222222223],[0.2222222222222222],[1],[0],[0],[1.1954664999998386],['target'],0004,001,2025-09-30_16h52.41.627,Visual search 2,,2025.1.1,60.03777576844817,2025-09-30 16h52.50.471007 +0530,
121,0,121,[-0.006944444444444444],[0.425],[1],[0],[0],[1.8448318999999174],['target'],121,0,121,0,192.58508950000032,,10,192.56492740000022,192.58508950000032,192.58508950000032,0.022438299999976152,194.4099438000003,[-0.006944444444444444],[0.425],[1],[0],[0],[1.8448318999999174],['target'],0004,001,2025-09-30_16h52.41.627,Visual search 2,,2025.1.1,60.03777576844817,2025-09-30 16h52.50.471007 +0530,
122,0,122,[0.4861111111111111],[-0.08611111111111111],[1],[0],[0],[1.5680716000001667],['target'],122,0,122,0,194.4352801,,5,194.42426580000028,194.4352801,194.4352801,0.014028900000084832,195.99252950000027,[0.4861111111111111],[-0.08611111111111111],[1],[0],[0],[1.5680716000001667],['target'],0004,001,2025-09-30_16h52.41.627,Visual search 2,,2025.1.1,60.03777576844817,2025-09-30 16h52.50.471007 +0530,
123,0,123,[-0.3680555555555556],[-0.1375],[1],[0],[0],[1.2368543000002319],['target'],123,0,123,0,196.01846090000026,,5,196.00568500000008,196.01846090000026,196.01846090000026,0.012954799999988609,197.24273300000004,[-0.3680555555555556],[-0.1375],[1],[0],[0],[1.2368543000002319],['target'],0004,001,2025-09-30_16h52.41.627,Visual search 2,,2025.1.1,60.03777576844817,2025-09-30 16h52.50.471007 +0530,
124,0,124,[-0.2569444444444444],[0.4083333333333333],[1],[0],[0],[1.743760399999701],['target'],124,0,124,0,197.28530590000037,,10,197.2644868000002,197.28530590000037,197.28530590000037,0.02154740000014499,199.0084412000001,[-0.2569444444444444],[0.4083333333333333],[1],[0],[0],[1.743760399999701],['target'],0004,001,2025-09-30_16h52.41.627,Visual search 2,,2025.1.1,60.03777576844817,2025-09-30 16h52.50.471007 +0530,
125,0,125,[-0.09166666666666666],[-0.49166666666666664],[1],[0],[0],[2.693097399999715],['target'],125,0,125,0,199.05211099999997,,10,199.0314112000001,199.05211099999997,199.05211099999997,0.022734099999979662,201.72469470000033,[-0.09166666666666666],[-0.49166666666666664],[1],[0],[0],[2.693097399999715],['target'],0004,001,2025-09-30_16h52.41.627,Visual search 2,,2025.1.1,60.03777576844817,2025-09-30 16h52.50.471007 +0530,
126,0,126,[-0.23472222222222222],[-0.25277777777777777],[1],[0],[0],[1.1779222999998638],['target'],126,0,126,0,201.76916180000035,,10,201.7473170000003,201.76916180000035,201.76916180000035,0.022401299999728508,202.92547319999994,[-0.23472222222222222],[-0.25277777777777777],[1],[0],[0],[1.1779222999998638],['target'],0004,001,2025-09-30_16h52.41.627,Visual search 2,,2025.1.1,60.03777576844817,2025-09-30 16h52.50.471007 +0530,
127,0,127,[-0.05277777777777778],[0.43194444444444446],[1],[0],[0],[2.2361275000002934],['target'],127,0,127,0,202.95212070000025,,5,202.94002520000004,202.95212070000025,202.95212070000025,0.014168100000006234,205.1763579000003,[-0.05277777777777778],[0.43194444444444446],[1],[0],[0],[2.2361275000002934],['target'],0004,001,2025-09-30_16h52.41.627,Visual search 2,,2025.1.1,60.03777576844817,2025-09-30 16h52.50.471007 +0530,
128,0,128,[-0.018055555555555554],[0.11666666666666667],[1],[0],[0],[1.1171346000000995],['target'],128,0,128,0,205.20269540000027,,5,205.19155450000017,205.20269540000027,205.20269540000027,0.014991500000178348,206.30889320000006,[-0.018055555555555554],[0.11666666666666667],[1],[0],[0],[1.1171346000000995],['target'],0004,001,2025-09-30_16h52.41.627,Visual search 2,,2025.1.1,60.03777576844817,2025-09-30 16h52.50.471007 +0530,
129,0,129,[0.475],[-0.37222222222222223],[1],[0],[0],[2.0296455000002425],['target'],129,0,129,0,206.35270690000016,,10,206.33073650000006,206.35270690000016,206.35270690000016,0.021653499999956694,208.36063090000016,[0.475],[-0.37222222222222223],[1],[0],[0],[2.0296455000002425],['target'],0004,001,2025-09-30_16h52.41.627,Visual search 2,,2025.1.1,60.03777576844817,2025-09-30 16h52.50.471007 +0530,
130,0,130,[0.3611111111111111],[0.10972222222222222],[1],[0],[0],[2.1403949000000466],['target'],130,0,130,0,208.40212659999997,,10,208.38189009999996,208.40212659999997,208.40212659999997,0.020989900000131456,210.52248940000027,[0.3611111111111111],[0.10972222222222222],[1],[0],[0],[2.1403949000000466],['target'],0004,001,2025-09-30_16h52.41.627,Visual search 2,,2025.1.1,60.03777576844817,2025-09-30 16h52.50.471007 +0530,
131,0,131,[0.12222222222222222],[-0.3527777777777778],[1],[0],[0],[2.6499533999999585],['target'],131,0,131,0,210.5530675,,10,210.5437863000002,210.5530675,210.5530675,0.021055599999726837,213.19393549999995,[0.12222222222222222],[-0.3527777777777778],[1],[0],[0],[2.6499533999999585],['target'],0004,001,2025-09-30_16h52.41.627,Visual search 2,,2025.1.1,60.03777576844817,2025-09-30 16h52.50.471007 +0530,
132,0,132,[0.059722222222222225],[-0.44166666666666665],[1],[0],[0],[1.3140578000002279],['target'],132,0,132,0,213.21922780000023,,5,213.20891410000013,213.21922780000023,213.21922780000023,0.01473870000017996,214.5232000000001,[0.059722222222222225],[-0.44166666666666665],[1],[0],[0],[1.3140578000002279],['target'],0004,001,2025-09-30_16h52.41.627,Visual search 2,,2025.1.1,60.03777576844817,2025-09-30 16h52.50.471007 +0530,
133,0,133,[-0.10694444444444444],[-0.3888888888888889],[1],[0],[0],[1.9279928000000837],['target'],133,0,133,0,214.5696226,,10,214.54480740000008,214.5696226,214.5696226,0.02138359999980821,216.47303610000017,[-0.10694444444444444],[-0.3888888888888889],[1],[0],[0],[1.9279928000000837],['target'],0004,001,2025-09-30_16h52.41.627,Visual search 2,,2025.1.1,60.03777576844817,2025-09-30 16h52.50.471007 +0530,
134,0,134,[-0.4597222222222222],[-0.07777777777777778],[1],[0],[0],[1.381195899999966],['target'],134,0,134,0,216.5199150000003,,10,216.49514500000032,216.5199150000003,216.5199150000003,0.02177430000028835,217.8765346,[-0.4597222222222222],[-0.07777777777777778],[1],[0],[0],[1.381195899999966],['target'],0004,001,2025-09-30_16h52.41.627,Visual search 2,,2025.1.1,60.03777576844817,2025-09-30 16h52.50.471007 +0530,
135,0,135,[0.3875],[0.1638888888888889],[1],[0],[0],[1.4902768000001743],['target'],135,0,135,0,217.92015570000012,,10,217.89910450000025,217.92015570000012,217.92015570000012,0.02232720000029076,219.38960250000036,[0.3875],[0.1638888888888889],[1],[0],[0],[1.4902768000001743],['target'],0004,001,2025-09-30_16h52.41.627,Visual search 2,,2025.1.1,60.03777576844817,2025-09-30 16h52.50.471007 +0530,
136,0,136,[0.28055555555555556],[0.2222222222222222],[1],[0],[0],[1.314147999999932],['target'],136,0,136,0,219.43687799999998,,10,219.41197200000033,219.43687799999998,219.43687799999998,0.022095599999829574,220.72631610000008,[0.28055555555555556],[0.2222222222222222],[1],[0],[0],[1.314147999999932],['target'],0004,001,2025-09-30_16h52.41.627,Visual search 2,,2025.1.1,60.03777576844817,2025-09-30 16h52.50.471007 +0530,
137,0,137,[-0.32916666666666666],[-0.14444444444444443],[1],[0],[0],[1.7030523000003086],['target'],137,0,137,0,220.75322670000014,,5,220.74054240000032,220.75322670000014,220.75322670000014,0.01394960000015999,222.4438253000003,[-0.32916666666666666],[-0.14444444444444443],[1],[0],[0],[1.7030523000003086],['target'],0004,001,2025-09-30_16h52.41.627,Visual search 2,,2025.1.1,60.03777576844817,2025-09-30 16h52.50.471007 +0530,
138,0,138,[-0.3],[0.1986111111111111],[1],[0],[0],[1.2220564000003833],['target'],138,0,138,0,222.47031500000003,,5,222.4571406,222.47031500000003,222.47031500000003,0.013101999999889813,223.6793874,[-0.3],[0.1986111111111111],[1],[0],[0],[1.2220564000003833],['target'],0004,001,2025-09-30_16h52.41.627,Visual search 2,,2025.1.1,60.03777576844817,2025-09-30 16h52.50.471007 +0530,
139,0,139,[0.48333333333333334],[0.1361111111111111],[1],[0],[0],[1.4252791000003526],['target'],139,0,139,0,223.72042839999995,,10,223.70146400000021,223.72042839999995,223.72042839999995,0.02187820000017382,225.12693660000014,[0.48333333333333334],[0.1361111111111111],[1],[0],[0],[1.4252791000003526],['target'],0004,001,2025-09-30_16h52.41.627,Visual search 2,,2025.1.1,60.03777576844817,2025-09-30 16h52.50.471007 +0530,
140,0,140,[-0.1986111111111111],[0.46111111111111114],[1],[0],[0],[2.132068700000218],['target'],140,0,140,0,225.22015690000035,,10,225.1958977000004,225.22015690000035,225.22015690000035,0.06872720000001209,227.32816000000003,[-0.1986111111111111],[0.46111111111111114],[1],[0],[0],[2.132068700000218],['target'],0004,001,2025-09-30_16h52.41.627,Visual search 2,,2025.1.1,60.03777576844817,2025-09-30 16h52.50.471007 +0530,
141,0,141,[-0.3],[0.16527777777777777],[1],[0],[0],[1.2528962999999749],['target'],141,0,141,0,227.35346700000036,,5,227.34167810000008,227.35346700000036,227.35346700000036,0.013282099999742059,228.59476900000027,[-0.3],[0.16527777777777777],[1],[0],[0],[1.2528962999999749],['target'],0004,001,2025-09-30_16h52.41.627,Visual search 2,,2025.1.1,60.03777576844817,2025-09-30 16h52.50.471007 +0530,
142,0,142,[0.48194444444444445],[-0.4236111111111111],[1],[0],[0],[2.452346000000034],['target'],142,0,142,0,228.62010120000014,,5,228.6082047,228.62010120000014,228.62010120000014,0.013238600000022416,231.0607954000002,[0.48194444444444445],[-0.4236111111111111],[1],[0],[0],[2.452346000000034],['target'],0004,001,2025-09-30_16h52.41.627,Visual search 2,,2025.1.1,60.03777576844817,2025-09-30 16h52.50.471007 +0530,
143,0,143,[-0.05694444444444444],[-0.32916666666666666],[1],[0],[0],[1.620082800000091],['target'],143,0,143,0,231.08724200000006,,5,231.07517940000025,231.08724200000006,231.08724200000006,0.01417680000031396,232.69545760000028,[-0.05694444444444444],[-0.32916666666666666],[1],[0],[0],[1.620082800000091],['target'],0004,001,2025-09-30_16h52.41.627,Visual search 2,,2025.1.1,60.03777576844817,2025-09-30 16h52.50.471007 +0530,
144,0,144,[0.12638888888888888],[-0.12083333333333333],[1],[0],[0],[1.2137922000001709],['target'],144,0,144,0,232.72053959999994,,5,232.7096034000001,232.72053959999994,232.72053959999994,0.013939899999968475,233.92361000000028,[0.12638888888888888],[-0.12083333333333333],[1],[0],[0],[1.2137922000001709],['target'],0004,001,2025-09-30_16h52.41.627,Visual search 2,,2025.1.1,60.03777576844817,2025-09-30 16h52.50.471007 +0530,
145,0,145,[-0.3236111111111111],[-0.39444444444444443],[1],[0],[0],[1.364198899999792],['target'],145,0,145,0,233.97106440000016,,10,233.94631530000015,233.97106440000016,233.97106440000016,0.022440800000367744,235.3107073000001,[-0.3236111111111111],[-0.39444444444444443],[1],[0],[0],[1.364198899999792],['target'],0004,001,2025-09-30_16h52.41.627,Visual search 2,,2025.1.1,60.03777576844817,2025-09-30 16h52.50.471007 +0530,
146,0,146,[-0.37222222222222223],[0.1597222222222222],[1],[0],[0],[1.9012604999998075],['target'],146,0,146,0,235.3375999,,5,235.3255419000002,235.3375999,235.3375999,0.014604899999994814,237.22699160000002,[-0.37222222222222223],[0.1597222222222222],[1],[0],[0],[1.9012604999998075],['target'],0004,001,2025-09-30_16h52.41.627,Visual search 2,,2025.1.1,60.03777576844817,2025-09-30 16h52.50.471007 +0530,
147,0,147,[-0.14166666666666666],[0.3958333333333333],[1],[0],[0],[1.252878399999645],['target'],147,0,147,0,237.25424880000037,,5,237.2411871000004,237.25424880000037,237.25424880000037,0.014000000000123691,238.49426500000027,[-0.14166666666666666],[0.3958333333333333],[1],[0],[0],[1.252878399999645],['target'],0004,001,2025-09-30_16h52.41.627,Visual search 2,,2025.1.1,60.03777576844817,2025-09-30 16h52.50.471007 +0530,
148,0,148,[0.22361111111111112],[-0.15555555555555556],[1],[0],[0],[1.7180026999999427],['target'],148,0,148,0,238.52100080000037,,5,238.50863700000036,238.52100080000037,238.52100080000037,0.014119200000095589,240.2268285,[0.22361111111111112],[-0.15555555555555556],[1],[0],[0],[1.7180026999999427],['target'],0004,001,2025-09-30_16h52.41.627,Visual search 2,,2025.1.1,60.03777576844817,2025-09-30 16h52.50.471007 +0530,
149,0,149,[0.21805555555555556],[-0.42777777777777776],[1],[0],[0],[1.8731769999999415],['target'],149,0,149,0,240.27103810000017,,10,240.25522679999995,240.27103810000017,240.27103810000017,0.028207800000018324,242.12860530000034,[0.21805555555555556],[-0.42777777777777776],[1],[0],[0],[1.8731769999999415],['target'],0004,001,2025-09-30_16h52.41.627,Visual search 2,,2025.1.1,60.03777576844817,2025-09-30 16h52.50.471007 +0530,
150,0,150,[0.19305555555555556],[-0.2777777777777778],[1],[0],[0],[1.405887200000052],['target'],150,0,150,0,242.1715124000002,,10,242.15325770000027,242.1715124000002,242.1715124000002,0.02443219999986468,243.55939480000006,[0.19305555555555556],[-0.2777777777777778],[1],[0],[0],[1.405887200000052],['target'],0004,001,2025-09-30_16h52.41.627,Visual search 2,,2025.1.1,60.03777576844817,2025-09-30 16h52.50.471007 +0530,
151,0,151,[0.4791666666666667],[-0.30833333333333335],[1],[0],[0],[1.461577600000055],['target'],151,0,151,0,243.60481640000035,,10,243.58269289999998,243.60481640000035,243.60481640000035,0.023035299999719427,245.04450799999995,[0.4791666666666667],[-0.30833333333333335],[1],[0],[0],[1.461577600000055],['target'],0004,001,2025-09-30_16h52.41.627,Visual search 2,,2025.1.1,60.03777576844817,2025-09-30 16h52.50.471007 +0530,
152,0,152,[0.34305555555555556],[-0.4597222222222222],[1],[0],[0],[1.364211300000079],['target'],152,0,152,0,245.07110310000007,,5,245.06316800000013,245.07110310000007,245.07110310000007,0.0184146999999939,246.42763220000006,[0.34305555555555556],[-0.4597222222222222],[1],[0],[0],[1.364211300000079],['target'],0004,001,2025-09-30_16h52.41.627,Visual search 2,,2025.1.1,60.03777576844817,2025-09-30 16h52.50.471007 +0530,
153,0,153,[-0.2972222222222222],[-0.425],[1],[0],[0],[1.7916468000003078],['target'],153,0,153,0,246.4713858,,10,246.4543367000001,246.4713858,246.4713858,0.026498300000184827,248.24618200000032,[-0.2972222222222222],[-0.425],[1],[0],[0],[1.7916468000003078],['target'],0004,001,2025-09-30_16h52.41.627,Visual search 2,,2025.1.1,60.03777576844817,2025-09-30 16h52.50.471007 +0530,
154,0,154,[-0.31527777777777777],[0.18194444444444444],[1],[0],[0],[1.3028522999998131],['target'],154,0,154,0,248.27155870000024,,5,248.26150720000032,248.27155870000024,248.27155870000024,0.015086499999597436,249.5645698000003,[-0.31527777777777777],[0.18194444444444444],[1],[0],[0],[1.3028522999998131],['target'],0004,001,2025-09-30_16h52.41.627,Visual search 2,,2025.1.1,60.03777576844817,2025-09-30 16h52.50.471007 +0530,
155,0,155,[0.14305555555555555],[0.22916666666666666],[1],[0],[0],[1.5414992000000893],['target'],155,0,155,0,249.5883130000002,,5,249.58184720000008,249.5883130000002,249.5883130000002,0.01710060000004887,251.12359790000028,[0.14305555555555555],[0.22916666666666666],[1],[0],[0],[1.5414992000000893],['target'],0004,001,2025-09-30_16h52.41.627,Visual search 2,,2025.1.1,60.03777576844817,2025-09-30 16h52.50.471007 +0530,
156,0,156,[0.2013888888888889],[0.4652777777777778],[1],[0],[0],[1.2882549000000836],['target'],156,0,156,0,251.15451080000003,,5,251.14053920000015,251.15451080000003,251.15451080000003,0.0167381999999634,252.42900340000006,[0.2013888888888889],[0.4652777777777778],[1],[0],[0],[1.2882549000000836],['target'],0004,001,2025-09-30_16h52.41.627,Visual search 2,,2025.1.1,60.03777576844817,2025-09-30 16h52.50.471007 +0530,
157,0,157,[0.225],[0.30694444444444446],[1],[0],[0],[1.6473350999999639],['target'],157,0,157,0,252.45509410000022,,5,252.44573170000012,252.45509410000022,252.45509410000022,0.016541099999813014,254.09329750000006,[0.225],[0.30694444444444446],[1],[0],[0],[1.6473350999999639],['target'],0004,001,2025-09-30_16h52.41.627,Visual search 2,,2025.1.1,60.03777576844817,2025-09-30 16h52.50.471007 +0530,
158,0,158,[0.36944444444444446],[-0.35833333333333334],[1],[0],[0],[2.0814047000003484],['target'],158,0,158,0,254.1219215000001,,5,254.11047290000033,254.1219215000001,254.1219215000001,0.016970000000128493,256.19210060000023,[0.36944444444444446],[-0.35833333333333334],[1],[0],[0],[2.0814047000003484],['target'],0004,001,2025-09-30_16h52.41.627,Visual search 2,,2025.1.1,60.03777576844817,2025-09-30 16h52.50.471007 +0530,
159,0,159,[-0.2652777777777778],[0.0763888888888889],[1],[0],[0],[1.4885863999998037],['target'],159,0,159,0,256.23919700000033,,10,256.2192105000004,256.23919700000033,256.23919700000033,0.026818199999979697,257.70801440000014,[-0.2652777777777778],[0.0763888888888889],[1],[0],[0],[1.4885863999998037],['target'],0004,001,2025-09-30_16h52.41.627,Visual search 2,,2025.1.1,60.03777576844817,2025-09-30 16h52.50.471007 +0530,
160,0,160,[0.35694444444444445],[-0.4125],[1],[0],[0],[1.6139661999995951],['target'],160,0,160,0,257.75565830000005,,10,257.7310706000003,257.75565830000005,257.75565830000005,0.022746099999949365,259.3452234000001,[0.35694444444444445],[-0.4125],[1],[0],[0],[1.6139661999995951],['target'],0004,001,2025-09-30_16h52.41.627,Visual search 2,,2025.1.1,60.03777576844817,2025-09-30 16h52.50.471007 +0530,
161,0,161,[0.4125],[0.1388888888888889],[1],[0],[0],[1.5673885999999584],['target'],161,0,161,0,259.3720989000003,,5,259.35798479999994,259.3720989000003,259.3720989000003,0.012542699999812612,260.9255641,[0.4125],[0.1388888888888889],[1],[0],[0],[1.5673885999999584],['target'],0004,001,2025-09-30_16h52.41.627,Visual search 2,,2025.1.1,60.03777576844817,2025-09-30 16h52.50.471007 +0530,
162,0,162,[-0.15833333333333333],[-0.20555555555555555],[1],[0],[0],[1.504932099999678],['target'],162,0,162,0,260.95613330000015,,5,260.9369561000003,260.95613330000015,260.95613330000015,0.011159499999848776,262.4421776000004,[-0.15833333333333333],[-0.20555555555555555],[1],[0],[0],[1.504932099999678],['target'],0004,001,2025-09-30_16h52.41.627,Visual search 2,,2025.1.1,60.03777576844817,2025-09-30 16h52.50.471007 +0530,
163,0,163,[-0.015277777777777777],[0.4777777777777778],[1],[0],[0],[2.034031000000141],['target'],163,0,163,0,262.4724548000004,,10,262.46215759999995,262.4724548000004,262.4724548000004,0.019753399999899557,264.4964106000002,[-0.015277777777777777],[0.4777777777777778],[1],[0],[0],[2.034031000000141],['target'],0004,001,2025-09-30_16h52.41.627,Visual search 2,,2025.1.1,60.03777576844817,2025-09-30 16h52.50.471007 +0530,
164,0,164,[0.24305555555555555],[0.3625],[1],[0],[0],[1.2153407999999217],['target'],164,0,164,0,264.5229282,,5,264.5132557000002,264.5229282,264.5229282,0.0165646000000379,265.72878660000015,[0.24305555555555555],[0.3625],[1],[0],[0],[1.2153407999999217],['target'],0004,001,2025-09-30_16h52.41.627,Visual search 2,,2025.1.1,60.03777576844817,2025-09-30 16h52.50.471007 +0530,
165,0,165,[0.4583333333333333],[0.03194444444444444],[1],[0],[0],[1.5961496999998417],['target'],165,0,165,0,265.7730510000001,,10,265.7498278000003,265.7730510000001,265.7730510000001,0.02080770000020493,267.3461717,[0.4583333333333333],[0.03194444444444444],[1],[0],[0],[1.5961496999998417],['target'],0004,001,2025-09-30_16h52.41.627,Visual search 2,,2025.1.1,60.03777576844817,2025-09-30 16h52.50.471007 +0530,
166,0,166,[-0.4625],[-0.3416666666666667],[1],[0],[0],[1.6517076000000088],['target'],166,0,166,0,267.3727917000001,,5,267.3609074000001,267.3727917000001,267.3727917000001,0.014516899999762245,269.0128229000002,[-0.4625],[-0.3416666666666667],[1],[0],[0],[1.6517076000000088],['target'],0004,001,2025-09-30_16h52.41.627,Visual search 2,,2025.1.1,60.03777576844817,2025-09-30 16h52.50.471007 +0530,
167,0,167,[0.15416666666666667],[0.33611111111111114],[1],[0],[0],[1.4213555999999699],['target'],167,0,167,0,269.03996050000023,,5,269.0256962000003,269.03996050000023,269.03996050000023,0.01260809999985213,270.4472847000002,[0.15416666666666667],[0.33611111111111114],[1],[0],[0],[1.4213555999999699],['target'],0004,001,2025-09-30_16h52.41.627,Visual search 2,,2025.1.1,60.03777576844817,2025-09-30 16h52.50.471007 +0530,
168,0,168,[0.011111111111111112],[0.25833333333333336],[1],[0],[0],[2.3419269000000895],['target'],168,0,168,0,270.48938640000006,,10,270.47133669999994,270.48938640000006,270.48938640000006,0.023840199999995093,272.8134433,[0.011111111111111112],[0.25833333333333336],[1],[0],[0],[2.3419269000000895],['target'],0004,001,2025-09-30_16h52.41.627,Visual search 2,,2025.1.1,60.03777576844817,2025-09-30 16h52.50.471007 +0530,
169,0,169,[-0.2],[-0.09027777777777778],[1],[0],[0],[1.4065005000002202],['target'],169,0,169,0,272.8563471000002,,10,272.8361796000004,272.8563471000002,272.8563471000002,0.022454299999935756,274.24288700000034,[-0.2],[-0.09027777777777778],[1],[0],[0],[1.4065005000002202],['target'],0004,001,2025-09-30_16h52.41.627,Visual search 2,,2025.1.1,60.03777576844817,2025-09-30 16h52.50.471007 +0530,
170,0,170,[0.2902777777777778],[0.11666666666666667],[1],[0],[0],[1.3914435000001504],['target'],170,0,170,0,274.2734978000003,,5,274.2547684000001,274.2734978000003,274.2734978000003,0.011604799999986426,275.6464272000003,[0.2902777777777778],[0.11666666666666667],[1],[0],[0],[1.3914435000001504],['target'],0004,001,2025-09-30_16h52.41.627,Visual search 2,,2025.1.1,60.03777576844817,2025-09-30 16h52.50.471007 +0530,
171,0,171,[-0.39861111111111114],[0.4597222222222222],[1],[0],[0],[3.0051595999998426],['target'],171,0,171,0,275.67304030000014,,5,275.65794240000014,275.67304030000014,275.67304030000014,0.011314400000173919,278.6633045000003,[-0.39861111111111114],[0.4597222222222222],[1],[0],[0],[3.0051595999998426],['target'],0004,001,2025-09-30_16h52.41.627,Visual search 2,,2025.1.1,60.03777576844817,2025-09-30 16h52.50.471007 +0530,
172,0,172,[0.3902777777777778],[0.4638888888888889],[1],[0],[0],[2.032494999999926],['target'],172,0,172,0,278.69019660000004,,5,278.67671440000004,278.69019660000004,278.69019660000004,0.013190300000132993,280.70941040000025,[0.3902777777777778],[0.4638888888888889],[1],[0],[0],[2.032494999999926],['target'],0004,001,2025-09-30_16h52.41.627,Visual search 2,,2025.1.1,60.03777576844817,2025-09-30 16h52.50.471007 +0530,
173,0,173,[-0.2375],[-0.4736111111111111],[1],[0],[0],[1.8425468000000365],['target'],173,0,173,0,280.74069120000013,,5,280.7222684000003,280.74069120000013,280.74069120000013,0.012644999999793072,282.56502820000014,[-0.2375],[-0.4736111111111111],[1],[0],[0],[1.8425468000000365],['target'],0004,001,2025-09-30_16h52.41.627,Visual search 2,,2025.1.1,60.03777576844817,2025-09-30 16h52.50.471007 +0530,
174,0,174,[-0.16666666666666666],[-0.08194444444444444],[1],[0],[0],[1.5588124999999309],['target'],174,0,174,0,282.6069872000003,,10,282.5864743000002,282.6069872000003,282.6069872000003,0.021227999999609892,284.1454798,[-0.16666666666666666],[-0.08194444444444444],[1],[0],[0],[1.5588124999999309],['target'],0004,001,2025-09-30_16h52.41.627,Visual search 2,,2025.1.1,60.03777576844817,2025-09-30 16h52.50.471007 +0530,
175,0,175,[-0.44305555555555554],[0.36944444444444446],[1],[0],[0],[1.3443597999998929],['target'],175,0,175,0,284.1903381000002,,10,284.1689160000001,284.1903381000002,284.1903381000002,0.023205099999813683,285.5134987000001,[-0.44305555555555554],[0.36944444444444446],[1],[0],[0],[1.3443597999998929],['target'],0004,001,2025-09-30_16h52.41.627,Visual search 2,,2025.1.1,60.03777576844817,2025-09-30 16h52.50.471007 +0530,
176,0,176,[0.14027777777777778],[-0.0625],[1],[0],[0],[1.3554347000003872],['target'],176,0,176,0,285.54028930000004,,5,285.52598420000004,285.54028930000004,285.54028930000004,0.012259799999810639,286.8816114000001,[0.14027777777777778],[-0.0625],[1],[0],[0],[1.3554347000003872],['target'],0004,001,2025-09-30_16h52.41.627,Visual search 2,,2025.1.1,60.03777576844817,2025-09-30 16h52.50.471007 +0530,
177,0,177,[-0.08194444444444444],[-0.4041666666666667],[1],[0],[0],[1.5773862000000918],['target'],177,0,177,0,286.92424610000035,,10,286.90219330000036,286.92424610000035,286.92424610000035,0.020348699999885866,288.4797675,[-0.08194444444444444],[-0.4041666666666667],[1],[0],[0],[1.5773862000000918],['target'],0004,001,2025-09-30_16h52.41.627,Visual search 2,,2025.1.1,60.03777576844817,2025-09-30 16h52.50.471007 +0530,
178,0,178,[0.4305555555555556],[0.37083333333333335],[1],[0],[0],[1.5050570999997035],['target'],178,0,178,0,288.5066859000003,,5,288.4927917,288.5066859000003,288.5066859000003,0.01276800000005096,289.99804330000006,[0.4305555555555556],[0.37083333333333335],[1],[0],[0],[1.5050570999997035],['target'],0004,001,2025-09-30_16h52.41.627,Visual search 2,,2025.1.1,60.03777576844817,2025-09-30 16h52.50.471007 +0530,
179,0,179,[-0.075],[-0.46944444444444444],[1],[0],[0],[2.1921093999999357],['target'],179,0,179,0,290.04064180000023,,10,290.01973339999995,290.04064180000023,290.04064180000023,0.021484300000338408,292.21203990000004,[-0.075],[-0.46944444444444444],[1],[0],[0],[2.1921093999999357],['target'],0004,001,2025-09-30_16h52.41.627,Visual search 2,,2025.1.1,60.03777576844817,2025-09-30 16h52.50.471007 +0530,
180,0,180,[-0.14027777777777778],[0.4041666666666667],[1],[0],[0],[1.692848099999992],['target'],180,0,180,0,292.2578169000003,,10,292.2369729000002,292.2578169000003,292.2578169000003,0.024655499999880703,293.9300128,[-0.14027777777777778],[0.4041666666666667],[1],[0],[0],[1.692848099999992],['target'],0004,001,2025-09-30_16h52.41.627,Visual search 2,,2025.1.1,60.03777576844817,2025-09-30 16h52.50.471007 +0530,
181,0,181,[-0.2722222222222222],[-0.4152777777777778],[1],[0],[0],[1.7738451000000168],['target'],181,0,181,0,293.9742389000003,,10,293.9565831,293.9742389000003,293.9742389000003,0.026246000000355707,295.7306448000004,[-0.2722222222222222],[-0.4152777777777778],[1],[0],[0],[1.7738451000000168],['target'],0004,001,2025-09-30_16h52.41.627,Visual search 2,,2025.1.1,60.03777576844817,2025-09-30 16h52.50.471007 +0530,
182,0,182,[-0.33611111111111114],[0.24444444444444444],[1],[0],[0],[1.5475086999999803],['target'],182,0,182,0,295.75740399999995,,5,295.74910660000023,295.75740399999995,295.75740399999995,0.018250800000259915,297.2968699000003,[-0.33611111111111114],[0.24444444444444444],[1],[0],[0],[1.5475086999999803],['target'],0004,001,2025-09-30_16h52.41.627,Visual search 2,,2025.1.1,60.03777576844817,2025-09-30 16h52.50.471007 +0530,
183,0,183,[0.3527777777777778],[-0.2125],[1],[0],[0],[1.6320105999998304],['target'],183,0,183,0,297.3241154000002,,5,297.3158816,297.3241154000002,297.3241154000002,0.018780899999910616,298.9481130000004,[0.3527777777777778],[-0.2125],[1],[0],[0],[1.6320105999998304],['target'],0004,001,2025-09-30_16h52.41.627,Visual search 2,,2025.1.1,60.03777576844817,2025-09-30 16h52.50.471007 +0530,
184,0,184,[-0.29583333333333334],[0.42083333333333334],[1],[0],[0],[1.0966874999999163],['target'],184,0,184,0,298.97438809999994,,5,298.96695580000005,298.97438809999994,298.97438809999994,0.01864690000002156,300.063893,[-0.29583333333333334],[0.42083333333333334],[1],[0],[0],[1.0966874999999163],['target'],0004,001,2025-09-30_16h52.41.627,Visual search 2,,2025.1.1,60.03777576844817,2025-09-30 16h52.50.471007 +0530,
185,0,185,[0.1736111111111111],[0.4111111111111111],[1],[0],[0],[1.540345299999899],['target'],185,0,185,0,300.10752260000027,,10,300.09113000000025,300.10752260000027,300.10752260000027,0.027029399999719317,301.6316775,[0.1736111111111111],[0.4111111111111111],[1],[0],[0],[1.540345299999899],['target'],0004,001,2025-09-30_16h52.41.627,Visual search 2,,2025.1.1,60.03777576844817,2025-09-30 16h52.50.471007 +0530,
186,0,186,[-0.24444444444444444],[0.3277777777777778],[1],[0],[0],[1.3491293999995833],['target'],186,0,186,0,301.6577476000002,,5,301.64866640000037,301.6577476000002,301.6577476000002,0.01674830000001748,302.99799170000006,[-0.24444444444444444],[0.3277777777777778],[1],[0],[0],[1.3491293999995833],['target'],0004,001,2025-09-30_16h52.41.627,Visual search 2,,2025.1.1,60.03777576844817,2025-09-30 16h52.50.471007 +0530,
187,0,187,[0.059722222222222225],[-0.30833333333333335],[1],[0],[0],[1.549072900000283],['target'],187,0,187,0,303.0588136000001,,10,303.0340908000003,303.0588136000001,303.0588136000001,0.03587160000006406,304.5834092,[0.059722222222222225],[-0.30833333333333335],[1],[0],[0],[1.549072900000283],['target'],0004,001,2025-09-30_16h52.41.627,Visual search 2,,2025.1.1,60.03777576844817,2025-09-30 16h52.50.471007 +0530,
188,0,188,[-0.34305555555555556],[-0.42916666666666664],[1],[0],[0],[1.487281300000177],['target'],188,0,188,0,304.62486370000033,,5,304.6106903,304.62486370000033,304.62486370000033,0.02694870000004812,306.09831550000035,[-0.34305555555555556],[-0.42916666666666664],[1],[0],[0],[1.487281300000177],['target'],0004,001,2025-09-30_16h52.41.627,Visual search 2,,2025.1.1,60.03777576844817,2025-09-30 16h52.50.471007 +0530,
189,0,189,[0.11388888888888889],[-0.17222222222222222],[1],[0],[0],[1.1469984999998815],['target'],189,0,189,0,306.14161839999997,,10,306.1291692,306.14161839999997,306.14161839999997,0.030626899999788293,307.2763500000001,[0.11388888888888889],[-0.17222222222222222],[1],[0],[0],[1.1469984999998815],['target'],0004,001,2025-09-30_16h52.41.627,Visual search 2,,2025.1.1,60.03777576844817,2025-09-30 16h52.50.471007 +0530,
190,0,190,[-0.1361111111111111],[-0.3],[1],[0],[0],[1.183966000000055],['target'],190,0,190,0,307.3076020000003,,10,307.29788069999995,307.3076020000003,307.3076020000003,0.02132290000008652,308.4820695000003,[-0.1361111111111111],[-0.3],[1],[0],[0],[1.183966000000055],['target'],0004,001,2025-09-30_16h52.41.627,Visual search 2,,2025.1.1,60.03777576844817,2025-09-30 16h52.50.471007 +0530,
191,0,191,[-0.24444444444444444],[-0.2722222222222222],[1],[0],[0],[1.226545100000294],['target'],191,0,191,0,308.5244796000002,,10,308.50495130000036,308.5244796000002,308.5244796000002,0.022641699999894627,309.73169380000036,[-0.24444444444444444],[-0.2722222222222222],[1],[0],[0],[1.226545100000294],['target'],0004,001,2025-09-30_16h52.41.627,Visual search 2,,2025.1.1,60.03777576844817,2025-09-30 16h52.50.471007 +0530,
192,0,192,[0.20694444444444443],[-0.2013888888888889],[1],[0],[0],[1.2747051999999712],['target'],192,0,192,0,309.77531720000025,,10,309.7531689000002,309.77531720000025,309.77531720000025,0.021241599999939353,311.0281179000003,[0.20694444444444443],[-0.2013888888888889],[1],[0],[0],[1.2747051999999712],['target'],0004,001,2025-09-30_16h52.41.627,Visual search 2,,2025.1.1,60.03777576844817,2025-09-30 16h52.50.471007 +0530,
193,0,193,[0.33194444444444443],[0.20833333333333334],[1],[0],[0],[1.3198511999999027],['target'],193,0,193,0,311.0588017,,5,311.04248810000036,311.0588017,311.0588017,0.014108399999713583,312.36248820000037,[0.33194444444444443],[0.20833333333333334],[1],[0],[0],[1.3198511999999027],['target'],0004,001,2025-09-30_16h52.41.627,Visual search 2,,2025.1.1,60.03777576844817,2025-09-30 16h52.50.471007 +0530,
194,0,194,[-0.1763888888888889],[-0.04027777777777778],[1],[0],[0],[1.2237092000000303],['target'],194,0,194,0,312.39195080000036,,5,312.37531430000035,312.39195080000036,312.39195080000036,0.012635600000066916,313.59921710000026,[-0.1763888888888889],[-0.04027777777777778],[1],[0],[0],[1.2237092000000303],['target'],0004,001,2025-09-30_16h52.41.627,Visual search 2,,2025.1.1,60.03777576844817,2025-09-30 16h52.50.471007 +0530,
195,0,195,[-0.11388888888888889],[0.4041666666666667],[1],[0],[0],[1.9289115999999922],['target'],195,0,195,0,313.64213540000037,,10,313.62139879999995,313.64213540000037,313.64213540000037,0.021974600000248756,315.55050370000026,[-0.11388888888888889],[0.4041666666666667],[1],[0],[0],[1.9289115999999922],['target'],0004,001,2025-09-30_16h52.41.627,Visual search 2,,2025.1.1,60.03777576844817,2025-09-30 16h52.50.471007 +0530,
196,0,196,[0.4791666666666667],[-0.44722222222222224],[1],[0],[0],[1.8894281000002593],['target'],196,0,196,0,315.59174010000015,,10,315.57656780000025,315.59174010000015,315.59174010000015,0.025799500000175613,317.46621200000027,[0.4791666666666667],[-0.44722222222222224],[1],[0],[0],[1.8894281000002593],['target'],0004,001,2025-09-30_16h52.41.627,Visual search 2,,2025.1.1,60.03777576844817,2025-09-30 16h52.50.471007 +0530,
197,0,197,[0.39305555555555555],[-0.4125],[1],[0],[0],[1.3979011999999784],['target'],197,0,197,0,317.4921293000002,,5,317.4840833000003,317.4921293000002,317.4921293000002,0.017596799999864743,318.88218770000003,[0.39305555555555555],[-0.4125],[1],[0],[0],[1.3979011999999784],['target'],0004,001,2025-09-30_16h52.41.627,Visual search 2,,2025.1.1,60.03777576844817,2025-09-30 16h52.50.471007 +0530,
198,0,198,[0.1597222222222222],[0.17083333333333334],[1],[0],[0],[2.0394356000001608],['target'],198,0,198,0,318.9256365000001,,10,318.9094948000002,318.9256365000001,318.9256365000001,0.02711589999989883,320.9491244000001,[0.1597222222222222],[0.17083333333333334],[1],[0],[0],[2.0394356000001608],['target'],0004,001,2025-09-30_16h52.41.627,Visual search 2,,2025.1.1,60.03777576844817,2025-09-30 16h52.50.471007 +0530,
199,0,199,[-0.07777777777777778],[-0.34444444444444444],[1],[0],[0],[1.2847931000001154],['target'],199,0,199,0,320.97537490000013,,5,320.96581430000015,320.97537490000013,320.97537490000013,0.01641169999993508,322.25079860000005,[-0.07777777777777778],[-0.34444444444444444],[1],[0],[0],[1.2847931000001154],['target'],0004,001,2025-09-30_16h52.41.627,Visual search 2,,2025.1.1,60.03777576844817,2025-09-30 16h52.50.471007 +0530,
