thisN,thisTrialN,thisRepN,tilt,key_resp.keys,key_resp.corr,key_resp.rt,key_resp.duration,trials.thisRepN,trials.thisTrialN,trials.thisN,trials.thisIndex,thisRow.t,notes,trial.started,Fixation.started,Fixation.stopped,key_resp.started,trial.stopped,trials.tilt,trials.key_resp.keys,trials.key_resp.corr,trials.key_resp.rt,trials.key_resp.duration,participant,session,date,expName,expVersion,psychopyVersion,frameRate,expStart,
0,0,0,0,up,1,0.6394287999719381,None,0,0,0,0,0.024047299986705184,,0.006754899979569018,0.024047299986705184,1.0101280000526458,1.0101280000526458,1.6666449999902397,0,up,1,0.6394287999719381,None,566747,001,2025-09-04_10h19.30.591,Signal detection,,2025.1.1,59.632745793818415,2025-09-04 10h19.33.834138 +0530,
1,0,1,-5,down,1,0.6243722999934107,None,1,0,1,0,1.6755702999653295,,1.667003000038676,1.6755702999653295,2.6763280000304803,2.6763280000304803,3.3094145000213757,-5,down,1,0.6243722999934107,None,566747,001,2025-09-04_10h19.30.591,Signal detection,,2025.1.1,59.632745793818415,2025-09-04 10h19.33.834138 +0530,
2,0,2,0,up,1,0.7114445000188425,None,2,0,2,0,3.325903399963863,,3.3097981000319123,3.325903399963863,4.309428000007756,4.309428000007756,5.028019499965012,0,up,1,0.7114445000188425,None,566747,001,2025-09-04_10h19.30.591,Signal detection,,2025.1.1,59.632745793818415,2025-09-04 10h19.33.834138 +0530,
3,0,3,0,up,1,0.6435566999716684,None,3,0,3,0,5.042737300042063,,5.028450699988753,5.042737300042063,6.04295270005241,6.04295270005241,6.693197400076315,0,up,1,0.6435566999716684,None,566747,001,2025-09-04_10h19.30.591,Signal detection,,2025.1.1,59.632745793818415,2025-09-04 10h19.33.834138 +0530,
4,0,4,-3,down,1,0.5135598999913782,None,4,0,4,0,6.708996700006537,,6.693510000011884,6.708996700006537,7.6929324000375345,7.6929324000375345,8.211831300053746,-3,down,1,0.5135598999913782,None,566747,001,2025-09-04_10h19.30.591,Signal detection,,2025.1.1,59.632745793818415,2025-09-04 10h19.33.834138 +0530,
5,0,5,0,up,1,0.6615827999776229,None,5,0,5,0,8.225583199993707,,8.212341099977493,8.225583199993707,9.210434300010093,9.210434300010093,9.878675700048916,0,up,1,0.6615827999776229,None,566747,001,2025-09-04_10h19.30.591,Signal detection,,2025.1.1,59.632745793818415,2025-09-04 10h19.33.834138 +0530,
6,0,6,0,up,1,0.646292999968864,None,6,0,6,0,9.892632300034165,,9.879361400031485,9.892632300034165,10.894382399972528,10.894382399972528,11.542026199982502,0,up,1,0.646292999968864,None,566747,001,2025-09-04_10h19.30.591,Signal detection,,2025.1.1,59.632745793818415,2025-09-04 10h19.33.834138 +0530,
7,0,7,0,up,1,0.5257168000098318,None,7,0,7,0,11.558749999967404,,11.542242600000463,11.558749999967404,12.543466200004332,12.543466200004332,13.076248300028965,0,up,1,0.5257168000098318,None,566747,001,2025-09-04_10h19.30.591,Signal detection,,2025.1.1,59.632745793818415,2025-09-04 10h19.33.834138 +0530,
8,0,8,1,up,0,0.45271690003573895,None,8,0,8,0,13.09233040001709,,13.076932099997066,13.09233040001709,14.076920600025915,14.076920600025915,14.54336000001058,1,up,0,0.45271690003573895,None,566747,001,2025-09-04_10h19.30.591,Signal detection,,2025.1.1,59.632745793818415,2025-09-04 10h19.33.834138 +0530,
9,0,9,4,down,1,0.5872429000446573,None,9,0,9,0,14.559906300040893,,14.543815199984238,14.559906300040893,15.54396739997901,15.54396739997901,16.14512460003607,4,down,1,0.5872429000446573,None,566747,001,2025-09-04_10h19.30.591,Signal detection,,2025.1.1,59.632745793818415,2025-09-04 10h19.33.834138 +0530,
10,0,10,3,down,1,0.6113097999477759,None,10,0,10,0,16.15958870004397,,16.14556450000964,16.15958870004397,17.16117790003773,17.16117790003773,17.778046800056472,3,down,1,0.6113097999477759,None,566747,001,2025-09-04_10h19.30.591,Signal detection,,2025.1.1,59.632745793818415,2025-09-04 10h19.33.834138 +0530,
11,0,11,3,down,1,0.6984315000008792,None,11,0,11,0,17.793636600021273,,17.778462799964473,17.793636600021273,18.77614370000083,18.77614370000083,19.479346100008115,3,down,1,0.6984315000008792,None,566747,001,2025-09-04_10h19.30.591,Signal detection,,2025.1.1,59.632745793818415,2025-09-04 10h19.33.834138 +0530,
12,0,12,0,up,1,0.5854509000200778,None,12,0,12,0,19.49297750007827,,19.4798059000168,19.49297750007827,20.493041299981996,20.493041299981996,21.094118000008166,0,up,1,0.5854509000200778,None,566747,001,2025-09-04_10h19.30.591,Signal detection,,2025.1.1,59.632745793818415,2025-09-04 10h19.33.834138 +0530,
13,0,13,0,up,1,0.5096383999334648,None,13,0,13,0,21.1105698000174,,21.09452260006219,21.1105698000174,22.111076700035483,22.111076700035483,22.626521500060335,0,up,1,0.5096383999334648,None,566747,001,2025-09-04_10h19.30.591,Signal detection,,2025.1.1,59.632745793818415,2025-09-04 10h19.33.834138 +0530,
14,0,14,0,up,1,0.5152031000470743,None,14,0,14,0,22.643967000069097,,22.62684140005149,22.643967000069097,23.626559700001962,23.626559700001962,24.147541300044395,0,up,1,0.5152031000470743,None,566747,001,2025-09-04_10h19.30.591,Signal detection,,2025.1.1,59.632745793818415,2025-09-04 10h19.33.834138 +0530,
15,0,15,-4,down,1,0.6328869999852031,None,15,0,15,0,24.159351699985564,,24.147985100047663,24.159351699985564,25.16059210000094,25.16059210000094,25.795947000035085,-4,down,1,0.6328869999852031,None,566747,001,2025-09-04_10h19.30.591,Signal detection,,2025.1.1,59.632745793818415,2025-09-04 10h19.33.834138 +0530,
16,0,16,0,up,1,0.7519979000790045,None,16,0,16,0,25.810505200061016,,25.796341000008397,25.810505200061016,26.811471799970604,26.811471799970604,27.578986300039105,0,up,1,0.7519979000790045,None,566747,001,2025-09-04_10h19.30.591,Signal detection,,2025.1.1,59.632745793818415,2025-09-04 10h19.33.834138 +0530,
17,0,17,-4,down,1,0.7224533000262454,None,17,0,17,0,27.59259400004521,,27.57941240002401,27.59259400004521,28.593757900060154,28.593757900060154,29.328470100066625,-4,down,1,0.7224533000262454,None,566747,001,2025-09-04_10h19.30.591,Signal detection,,2025.1.1,59.632745793818415,2025-09-04 10h19.33.834138 +0530,
18,0,18,0,up,1,0.6412398000247777,None,18,0,18,0,29.344074600026943,,29.328864900046028,29.344074600026943,30.327774600009434,30.327774600009434,30.97787469998002,0,up,1,0.6412398000247777,None,566747,001,2025-09-04_10h19.30.591,Signal detection,,2025.1.1,59.632745793818415,2025-09-04 10h19.33.834138 +0530,
19,0,19,0,up,1,0.7419552000937983,None,19,0,19,0,30.994158099987544,,30.97833680000622,30.994158099987544,31.977500200038776,31.977500200038776,32.72799980000127,0,up,1,0.7419552000937983,None,566747,001,2025-09-04_10h19.30.591,Signal detection,,2025.1.1,59.632745793818415,2025-09-04 10h19.33.834138 +0530,
20,0,20,-5,down,1,0.666894199908711,None,20,0,20,0,32.74467619997449,,32.72849150002003,32.74467619997449,33.744423900032416,33.744423900032416,34.41456599999219,-5,down,1,0.666894199908711,None,566747,001,2025-09-04_10h19.30.591,Signal detection,,2025.1.1,59.632745793818415,2025-09-04 10h19.33.834138 +0530,
21,0,21,4,down,1,0.6409039000282064,None,21,0,21,0,34.42725020006765,,34.41496890003327,34.42725020006765,35.42855449998751,35.42855449998751,36.07849740004167,4,down,1,0.6409039000282064,None,566747,001,2025-09-04_10h19.30.591,Signal detection,,2025.1.1,59.632745793818415,2025-09-04 10h19.33.834138 +0530,
22,0,22,1,down,1,0.9952855999581516,None,22,0,22,0,36.094510399969295,,36.07891110004857,36.094510399969295,37.07740539999213,37.07740539999213,38.078767200000584,1,down,1,0.9952855999581516,None,566747,001,2025-09-04_10h19.30.591,Signal detection,,2025.1.1,59.632745793818415,2025-09-04 10h19.33.834138 +0530,
23,0,23,0,up,1,0.47747610008809716,None,23,0,23,0,38.094810700044036,,38.07914300006814,38.094810700044036,39.0783518999815,39.0783518999815,39.56220150005538,0,up,1,0.47747610008809716,None,566747,001,2025-09-04_10h19.30.591,Signal detection,,2025.1.1,59.632745793818415,2025-09-04 10h19.33.834138 +0530,
24,0,24,-5,down,1,0.62171890004538,None,24,0,24,0,39.578246199991554,,39.562616100069135,39.578246199991554,40.57821960002184,40.57821960002184,41.212795500061475,-5,down,1,0.62171890004538,None,566747,001,2025-09-04_10h19.30.591,Signal detection,,2025.1.1,59.632745793818415,2025-09-04 10h19.33.834138 +0530,
25,0,25,0,up,1,0.7724688000744209,None,25,0,25,0,41.22868739999831,,41.21324030007236,41.22868739999831,42.21176189999096,42.21176189999096,42.99592590006068,0,up,1,0.7724688000744209,None,566747,001,2025-09-04_10h19.30.591,Signal detection,,2025.1.1,59.632745793818415,2025-09-04 10h19.33.834138 +0530,
26,0,26,1,down,1,0.5276350999483839,None,26,0,26,0,43.011780100059696,,42.99632440006826,43.011780100059696,43.99538580002263,43.99538580002263,44.53007890004665,1,down,1,0.5276350999483839,None,566747,001,2025-09-04_10h19.30.591,Signal detection,,2025.1.1,59.632745793818415,2025-09-04 10h19.33.834138 +0530,
27,0,27,1,down,1,1.0059727999614552,None,27,0,27,0,44.5452158000553,,44.53053310001269,44.5452158000553,45.54473970003892,45.54473970003892,46.5630321999779,1,down,1,1.0059727999614552,None,566747,001,2025-09-04_10h19.30.591,Signal detection,,2025.1.1,59.632745793818415,2025-09-04 10h19.33.834138 +0530,
28,0,28,0,up,1,0.7557455999776721,None,28,0,28,0,46.57896479999181,,46.56341349997092,46.57896479999181,47.562706600059755,47.562706600059755,48.329321400029585,0,up,1,0.7557455999776721,None,566747,001,2025-09-04_10h19.30.591,Signal detection,,2025.1.1,59.632745793818415,2025-09-04 10h19.33.834138 +0530,
29,0,29,-5,down,1,0.6578415000112727,None,29,0,29,0,48.34580700006336,,48.32974249997642,48.34580700006336,49.32877220003866,49.32877220003866,49.99570890003815,-5,down,1,0.6578415000112727,None,566747,001,2025-09-04_10h19.30.591,Signal detection,,2025.1.1,59.632745793818415,2025-09-04 10h19.33.834138 +0530,
30,0,30,0,up,1,0.626216100063175,None,30,0,30,0,50.011390100000426,,49.99610940006096,50.011390100000426,51.012332800077274,51.012332800077274,51.64508579997346,0,up,1,0.626216100063175,None,566747,001,2025-09-04_10h19.30.591,Signal detection,,2025.1.1,59.632745793818415,2025-09-04 10h19.33.834138 +0530,
31,0,31,-3,down,1,0.6192008999641985,None,31,0,31,0,51.6618504000362,,51.64548140007537,51.6618504000362,52.64701459999196,52.64701459999196,53.28017080004793,-3,down,1,0.6192008999641985,None,566747,001,2025-09-04_10h19.30.591,Signal detection,,2025.1.1,59.632745793818415,2025-09-04 10h19.33.834138 +0530,
32,0,32,2,up,0,0.6378800999373198,None,32,0,32,0,53.295023199985735,,53.280582200037315,53.295023199985735,54.29565660003573,54.29565660003573,54.947355600073934,2,up,0,0.6378800999373198,None,566747,001,2025-09-04_10h19.30.591,Signal detection,,2025.1.1,59.632745793818415,2025-09-04 10h19.33.834138 +0530,
33,0,33,-2,down,1,0.611289499909617,None,33,0,33,0,54.96251380001195,,54.94774800003506,54.96251380001195,55.962504900060594,55.962504900060594,56.58033620007336,-2,down,1,0.611289499909617,None,566747,001,2025-09-04_10h19.30.591,Signal detection,,2025.1.1,59.632745793818415,2025-09-04 10h19.33.834138 +0530,
34,0,34,-2,down,1,0.8277087000897154,None,34,0,34,0,56.59498579998035,,56.581027399981394,56.59498579998035,57.579307200037874,57.579307200037874,58.41355639998801,-2,down,1,0.8277087000897154,None,566747,001,2025-09-04_10h19.30.591,Signal detection,,2025.1.1,59.632745793818415,2025-09-04 10h19.33.834138 +0530,
35,0,35,0,up,1,0.5764740000013262,None,35,0,35,0,58.4288887999719,,58.41395239997655,58.4288887999719,59.428651400026865,59.428651400026865,60.01268569997046,0,up,1,0.5764740000013262,None,566747,001,2025-09-04_10h19.30.591,Signal detection,,2025.1.1,59.632745793818415,2025-09-04 10h19.33.834138 +0530,
36,0,36,0,down,0,0.6396859000669792,None,36,0,36,0,60.02917990006972,,60.0131684000371,60.02917990006972,61.012707100016996,61.012707100016996,61.66366530000232,0,down,0,0.6396859000669792,None,566747,001,2025-09-04_10h19.30.591,Signal detection,,2025.1.1,59.632745793818415,2025-09-04 10h19.33.834138 +0530,
37,0,37,1,up,0,0.6146201000083238,None,37,0,37,0,61.68118289997801,,61.66405720007606,61.68118289997801,62.66212029999588,62.66212029999588,63.28202649997547,1,up,0,0.6146201000083238,None,566747,001,2025-09-04_10h19.30.591,Signal detection,,2025.1.1,59.632745793818415,2025-09-04 10h19.33.834138 +0530,
38,0,38,0,up,1,0.6645547000225633,None,38,0,38,0,63.29546910000499,,63.28268599999137,63.29546910000499,64.29616240004543,64.29616240004543,64.9644351999741,0,up,1,0.6645547000225633,None,566747,001,2025-09-04_10h19.30.591,Signal detection,,2025.1.1,59.632745793818415,2025-09-04 10h19.33.834138 +0530,
39,0,39,1,up,0,0.6101937000639737,None,39,0,39,0,64.97913410002366,,64.96484190004412,64.97913410002366,65.96298469998874,65.96298469998874,66.5800608000718,1,up,0,0.6101937000639737,None,566747,001,2025-09-04_10h19.30.591,Signal detection,,2025.1.1,59.632745793818415,2025-09-04 10h19.33.834138 +0530,
40,0,40,0,up,1,0.793015299947001,None,40,0,40,0,66.59820370003581,,66.5804735000711,66.59820370003581,67.57978400005959,67.57978400005959,68.37989860004745,0,up,1,0.793015299947001,None,566747,001,2025-09-04_10h19.30.591,Signal detection,,2025.1.1,59.632745793818415,2025-09-04 10h19.33.834138 +0530,
41,0,41,1,up,0,0.5301703999284655,None,41,0,41,0,68.39615310006775,,68.38027670001611,68.39615310006775,69.37968300003558,69.37968300003558,69.91581120004412,1,up,0,0.5301703999284655,None,566747,001,2025-09-04_10h19.30.591,Signal detection,,2025.1.1,59.632745793818415,2025-09-04 10h19.33.834138 +0530,
42,0,42,0,up,1,0.4106686000013724,None,42,0,42,0,69.92980799998622,,69.91633709997404,69.92980799998622,70.9303857999621,70.9303857999621,71.34812900004908,0,up,1,0.4106686000013724,None,566747,001,2025-09-04_10h19.30.591,Signal detection,,2025.1.1,59.632745793818415,2025-09-04 10h19.33.834138 +0530,
43,0,43,1,up,0,0.40535999997518957,None,43,0,43,0,71.36314200004563,,71.34859479998704,71.36314200004563,72.34556479996536,72.34556479996536,72.76341250003316,1,up,0,0.40535999997518957,None,566747,001,2025-09-04_10h19.30.591,Signal detection,,2025.1.1,59.632745793818415,2025-09-04 10h19.33.834138 +0530,
44,0,44,0,up,1,0.7329578000353649,None,44,0,44,0,72.78070750006009,,72.76374409999698,72.78070750006009,73.76311319996603,73.76311319996603,74.50169840001035,0,up,1,0.7329578000353649,None,566747,001,2025-09-04_10h19.30.591,Signal detection,,2025.1.1,59.632745793818415,2025-09-04 10h19.33.834138 +0530,
45,0,45,0,up,1,0.5947921000188217,None,45,0,45,0,74.51366840000264,,74.5023425000254,74.51366840000264,75.51315110002179,75.51315110002179,76.1139727999689,0,up,1,0.5947921000188217,None,566747,001,2025-09-04_10h19.30.591,Signal detection,,2025.1.1,59.632745793818415,2025-09-04 10h19.33.834138 +0530,
46,0,46,-5,down,1,0.6018648999743164,None,46,0,46,0,76.13062740000896,,76.11438330006786,76.13062740000896,77.11451500002295,77.11451500002295,77.73082210007124,-5,down,1,0.6018648999743164,None,566747,001,2025-09-04_10h19.30.591,Signal detection,,2025.1.1,59.632745793818415,2025-09-04 10h19.33.834138 +0530,
47,0,47,0,up,1,0.6878570000408217,None,47,0,47,0,77.74582750000991,,77.73132210003678,77.74582750000991,78.73001289996319,78.73001289996319,79.43062730005477,0,up,1,0.6878570000408217,None,566747,001,2025-09-04_10h19.30.591,Signal detection,,2025.1.1,59.632745793818415,2025-09-04 10h19.33.834138 +0530,
48,0,48,-5,down,1,0.6918570999987423,None,48,0,48,0,79.44780940003693,,79.43102650006767,79.44780940003693,80.43054630002007,80.43054630002007,81.13093530002516,-5,down,1,0.6918570999987423,None,566747,001,2025-09-04_10h19.30.591,Signal detection,,2025.1.1,59.632745793818415,2025-09-04 10h19.33.834138 +0530,
49,0,49,0,up,1,0.5004031000426039,None,49,0,49,0,81.14719839999452,,81.13138500007335,81.14719839999452,82.13024349999614,82.13024349999614,82.63121510006022,0,up,1,0.5004031000426039,None,566747,001,2025-09-04_10h19.30.591,Signal detection,,2025.1.1,59.632745793818415,2025-09-04 10h19.33.834138 +0530,
50,0,50,-3,down,1,0.6131288999458775,None,50,0,50,0,82.64597940002568,,82.6315079999622,82.64597940002568,83.64769989997149,83.64769989997149,84.26632799999788,-3,down,1,0.6131288999458775,None,566747,001,2025-09-04_10h19.30.591,Signal detection,,2025.1.1,59.632745793818415,2025-09-04 10h19.33.834138 +0530,
51,0,51,0,up,1,0.6259761999826878,None,51,0,51,0,84.28041300002951,,84.26667090004776,84.28041300002951,85.28144709998742,85.28144709998742,85.91541829996277,0,up,1,0.6259761999826878,None,566747,001,2025-09-04_10h19.30.591,Signal detection,,2025.1.1,59.632745793818415,2025-09-04 10h19.33.834138 +0530,
52,0,52,4,down,1,0.6101864000083879,None,52,0,52,0,85.93065550003666,,85.91578360006679,85.93065550003666,86.91533370001707,86.91533370001707,87.53177970007528,4,down,1,0.6101864000083879,None,566747,001,2025-09-04_10h19.30.591,Signal detection,,2025.1.1,59.632745793818415,2025-09-04 10h19.33.834138 +0530,
53,0,53,-4,down,1,0.6824162000557408,None,53,0,53,0,87.54730380000547,,87.5321905000601,87.54730380000547,88.53135329997167,88.53135329997167,89.21702860004734,-4,down,1,0.6824162000557408,None,566747,001,2025-09-04_10h19.30.591,Signal detection,,2025.1.1,59.632745793818415,2025-09-04 10h19.33.834138 +0530,
54,0,54,-3,down,1,0.8855711000505835,None,54,0,54,0,89.23090149997734,,89.21742330002598,89.23090149997734,90.23118480003905,90.23118480003905,91.13119129999541,-3,down,1,0.8855711000505835,None,566747,001,2025-09-04_10h19.30.591,Signal detection,,2025.1.1,59.632745793818415,2025-09-04 10h19.33.834138 +0530,
55,0,55,4,up,0,0.5524009000509977,None,55,0,55,0,91.14781490003224,,91.13159290002659,91.14781490003224,92.1311273999745,92.1311273999745,92.69823410001118,4,up,0,0.5524009000509977,None,566747,001,2025-09-04_10h19.30.591,Signal detection,,2025.1.1,59.632745793818415,2025-09-04 10h19.33.834138 +0530,
56,0,56,0,up,1,1.2644814999075606,None,56,0,56,0,92.71352430002298,,92.6986285999883,92.71352430002298,93.6972421000246,93.6972421000246,94.96749950002413,0,up,1,1.2644814999075606,None,566747,001,2025-09-04_10h19.30.591,Signal detection,,2025.1.1,59.632745793818415,2025-09-04 10h19.33.834138 +0530,
57,0,57,0,down,0,1.3063634999562055,None,57,0,57,0,94.98083210003097,,94.96788470004685,94.98083210003097,95.98198260006029,95.98198260006029,97.29874190001283,0,down,0,1.3063634999562055,None,566747,001,2025-09-04_10h19.30.591,Signal detection,,2025.1.1,59.632745793818415,2025-09-04 10h19.33.834138 +0530,
58,0,58,-5,down,1,0.6518098999513313,None,58,0,58,0,97.31451170006767,,97.29917400004342,97.31451170006767,98.29811570001766,98.29811570001766,98.96502030000556,-5,down,1,0.6518098999513313,None,566747,001,2025-09-04_10h19.30.591,Signal detection,,2025.1.1,59.632745793818415,2025-09-04 10h19.33.834138 +0530,
59,0,59,-5,down,1,0.5741060998989269,None,59,0,59,0,98.98136410000734,,98.965482300031,98.98136410000734,99.96492170006968,99.96492170006968,100.54848940006923,-5,down,1,0.5741060998989269,None,566747,001,2025-09-04_10h19.30.591,Signal detection,,2025.1.1,59.632745793818415,2025-09-04 10h19.33.834138 +0530,
60,0,60,0,up,1,0.629926500027068,None,60,0,60,0,100.56467039999552,,100.5488575999625,100.56467039999552,101.54810140002519,101.54810140002519,102.18394510005601,0,up,1,0.629926500027068,None,566747,001,2025-09-04_10h19.30.591,Signal detection,,2025.1.1,59.632745793818415,2025-09-04 10h19.33.834138 +0530,
61,0,61,0,up,1,0.5167507999576628,None,61,0,61,0,102.19938310002908,,102.18429320002906,102.19938310002908,103.19995699997526,103.19995699997526,103.73153009999078,0,up,1,0.5167507999576628,None,566747,001,2025-09-04_10h19.30.591,Signal detection,,2025.1.1,59.632745793818415,2025-09-04 10h19.33.834138 +0530,
62,0,62,0,up,1,0.5926838000304997,None,62,0,62,0,103.74807940004393,,103.73284379998222,103.74807940004393,104.73105950001627,104.73105950001627,105.33255170006305,0,up,1,0.5926838000304997,None,566747,001,2025-09-04_10h19.30.591,Signal detection,,2025.1.1,59.632745793818415,2025-09-04 10h19.33.834138 +0530,
63,0,63,0,up,1,0.5211761998943985,None,63,0,63,0,105.34870009997394,,105.33299340005033,105.34870009997394,106.3322147000581,106.3322147000581,106.86837000004016,0,up,1,0.5211761998943985,None,566747,001,2025-09-04_10h19.30.591,Signal detection,,2025.1.1,59.632745793818415,2025-09-04 10h19.33.834138 +0530,
64,0,64,1,up,0,0.42773840005975217,None,64,0,64,0,106.88383319997229,,106.86875000002328,106.88383319997229,107.88251789996866,107.88251789996866,108.31680899998173,1,up,0,0.42773840005975217,None,566747,001,2025-09-04_10h19.30.591,Signal detection,,2025.1.1,59.632745793818415,2025-09-04 10h19.33.834138 +0530,
65,0,65,0,up,1,0.4778206000337377,None,65,0,65,0,108.33274330000859,,108.31715829996392,108.33274330000859,109.33227010001428,109.33227010001428,109.8170867000008,0,up,1,0.4778206000337377,None,566747,001,2025-09-04_10h19.30.591,Signal detection,,2025.1.1,59.632745793818415,2025-09-04 10h19.33.834138 +0530,
66,0,66,-3,down,1,0.6895265999482945,None,66,0,66,0,109.83233860007022,,109.81757409998681,109.83233860007022,110.83123670006171,110.83123670006171,111.53378349996638,-3,down,1,0.6895265999482945,None,566747,001,2025-09-04_10h19.30.591,Signal detection,,2025.1.1,59.632745793818415,2025-09-04 10h19.33.834138 +0530,
67,0,67,-4,down,1,0.5391869999002665,None,67,0,67,0,111.54921580001246,,111.53428550006356,111.54921580001246,112.54873150005005,112.54873150005005,113.09877230005804,-4,down,1,0.5391869999002665,None,566747,001,2025-09-04_10h19.30.591,Signal detection,,2025.1.1,59.632745793818415,2025-09-04 10h19.33.834138 +0530,
68,0,68,-2,down,1,0.40598180005326867,None,68,0,68,0,113.11468170001172,,113.09918859996833,113.11468170001172,114.10038509999868,114.10038509999868,114.51736190007068,-2,down,1,0.40598180005326867,None,566747,001,2025-09-04_10h19.30.591,Signal detection,,2025.1.1,59.632745793818415,2025-09-04 10h19.33.834138 +0530,
69,0,69,0,up,1,0.8252302999608219,None,69,0,69,0,114.53252160002012,,114.51784310000949,114.53252160002012,115.51607190002687,115.51607190002687,116.34962940006517,0,up,1,0.8252302999608219,None,566747,001,2025-09-04_10h19.30.591,Signal detection,,2025.1.1,59.632745793818415,2025-09-04 10h19.33.834138 +0530,
70,0,70,2,up,0,0.4523619000101462,None,70,0,70,0,116.36594400007743,,116.35007919999771,116.36594400007743,117.34890420001466,117.34890420001466,117.81792850000784,2,up,0,0.4523619000101462,None,566747,001,2025-09-04_10h19.30.591,Signal detection,,2025.1.1,59.632745793818415,2025-09-04 10h19.33.834138 +0530,
71,0,71,0,up,1,0.438238300033845,None,71,0,71,0,117.8320900000399,,117.81832630001009,117.8320900000399,118.8335086000152,118.8335086000152,119.28321829997003,0,up,1,0.438238300033845,None,566747,001,2025-09-04_10h19.30.591,Signal detection,,2025.1.1,59.632745793818415,2025-09-04 10h19.33.834138 +0530,
72,0,72,-3,up,0,0.4697747000027448,None,72,0,72,0,119.2993191999849,,119.28363840002567,119.2993191999849,120.2829003999941,120.2829003999941,120.76721419999376,-3,up,0,0.4697747000027448,None,566747,001,2025-09-04_10h19.30.591,Signal detection,,2025.1.1,59.632745793818415,2025-09-04 10h19.33.834138 +0530,
73,0,73,0,up,1,0.8104718999238685,None,73,0,73,0,120.78257130004931,,120.76778950006701,120.78257130004931,121.78350200003479,121.78350200003479,122.59980239998549,0,up,1,0.8104718999238685,None,566747,001,2025-09-04_10h19.30.591,Signal detection,,2025.1.1,59.632745793818415,2025-09-04 10h19.33.834138 +0530,
74,0,74,3,up,0,0.46428249997552484,None,74,0,74,0,122.61517660005484,,122.60019310005009,122.61517660005484,123.59955250006169,123.59955250006169,124.06839729996864,3,up,0,0.46428249997552484,None,566747,001,2025-09-04_10h19.30.591,Signal detection,,2025.1.1,59.632745793818415,2025-09-04 10h19.33.834138 +0530,
75,0,75,0,up,1,0.8308349000290036,None,75,0,75,0,124.08326690003742,,124.06879579997621,124.08326690003742,125.08426879998296,125.08426879998296,125.91875349998008,0,up,1,0.8308349000290036,None,566747,001,2025-09-04_10h19.30.591,Signal detection,,2025.1.1,59.632745793818415,2025-09-04 10h19.33.834138 +0530,
76,0,76,-5,down,1,0.7236124000046402,None,76,0,76,0,125.93268970004283,,125.91920170001686,125.93268970004283,126.9338093000697,126.9338093000697,127.66739570000209,-5,down,1,0.7236124000046402,None,566747,001,2025-09-04_10h19.30.591,Signal detection,,2025.1.1,59.632745793818415,2025-09-04 10h19.33.834138 +0530,
77,0,77,0,up,1,0.5645826000254601,None,77,0,77,0,127.68365889997222,,127.66782109998167,127.68365889997222,128.68348050001077,128.68348050001077,129.25293770001736,0,up,1,0.5645826000254601,None,566747,001,2025-09-04_10h19.30.591,Signal detection,,2025.1.1,59.632745793818415,2025-09-04 10h19.33.834138 +0530,
78,0,78,0,up,1,0.5887701000319794,None,78,0,78,0,129.2662837000098,,129.2533117000712,129.2662837000098,130.26617389998864,130.26617389998864,130.86716889997479,0,up,1,0.5887701000319794,None,566747,001,2025-09-04_10h19.30.591,Signal detection,,2025.1.1,59.632745793818415,2025-09-04 10h19.33.834138 +0530,
79,0,79,-5,down,1,1.1086813999572769,None,79,0,79,0,130.8825048999861,,130.86760700005107,130.8825048999861,131.86734280001838,131.86734280001838,132.98431520001031,-5,down,1,1.1086813999572769,None,566747,001,2025-09-04_10h19.30.591,Signal detection,,2025.1.1,59.632745793818415,2025-09-04 10h19.33.834138 +0530,
80,0,80,1,up,0,0.5634767999872565,None,80,0,80,0,132.99970180005766,,132.98474640003406,132.99970180005766,134.00135480007157,134.00135480007157,134.56981510005426,1,up,0,0.5634767999872565,None,566747,001,2025-09-04_10h19.30.591,Signal detection,,2025.1.1,59.632745793818415,2025-09-04 10h19.33.834138 +0530,
81,0,81,2,down,1,0.7795194999780506,None,81,0,81,0,134.58310619997792,,134.57033550005872,134.58310619997792,135.5828935999889,135.5828935999889,136.36849130003247,2,down,1,0.7795194999780506,None,566747,001,2025-09-04_10h19.30.591,Signal detection,,2025.1.1,59.632745793818415,2025-09-04 10h19.33.834138 +0530,
82,0,82,0,down,0,0.7195098000811413,None,82,0,82,0,136.38437900005374,,136.3688607000513,136.38437900005374,137.38358340004925,137.38358340004925,138.11705650005024,0,down,0,0.7195098000811413,None,566747,001,2025-09-04_10h19.30.591,Signal detection,,2025.1.1,59.632745793818415,2025-09-04 10h19.33.834138 +0530,
83,0,83,-3,down,1,0.8587168999947608,None,83,0,83,0,138.13299640000332,,138.11747000005562,138.13299640000332,139.11674099997617,139.11674099997617,139.98457169998437,-3,down,1,0.8587168999947608,None,566747,001,2025-09-04_10h19.30.591,Signal detection,,2025.1.1,59.632745793818415,2025-09-04 10h19.33.834138 +0530,
84,0,84,0,up,1,0.6873269000789151,None,84,0,84,0,140.0005331999855,,139.98497019999195,140.0005331999855,140.98951500002295,140.98951500002295,141.68434490007348,0,up,1,0.6873269000789151,None,566747,001,2025-09-04_10h19.30.591,Signal detection,,2025.1.1,59.632745793818415,2025-09-04 10h19.33.834138 +0530,
85,0,85,-2,up,0,0.5169239999959245,None,85,0,85,0,141.70084190007765,,141.6847305999836,141.70084190007765,142.68381890002638,142.68381890002638,143.2056572000729,-2,up,0,0.5169239999959245,None,566747,001,2025-09-04_10h19.30.591,Signal detection,,2025.1.1,59.632745793818415,2025-09-04 10h19.33.834138 +0530,
86,0,86,0,down,0,0.8378071999177337,None,86,0,86,0,143.21718130004592,,143.20616110006813,143.21718130004592,144.21797790005803,144.21797790005803,145.06789299997035,0,down,0,0.8378071999177337,None,566747,001,2025-09-04_10h19.30.591,Signal detection,,2025.1.1,59.632745793818415,2025-09-04 10h19.33.834138 +0530,
87,0,87,0,up,1,0.6395698999986053,None,87,0,87,0,145.08488360000774,,145.0682432000758,145.08488360000774,146.06727310002316,146.06727310002316,146.71783129998948,0,up,1,0.6395698999986053,None,566747,001,2025-09-04_10h19.30.591,Signal detection,,2025.1.1,59.632745793818415,2025-09-04 10h19.33.834138 +0530,
88,0,88,0,up,1,0.6401377000147477,None,88,0,88,0,146.73411870002747,,146.71817440004088,146.73411870002747,147.71706040005665,147.71706040005665,148.36739390005823,0,up,1,0.6401377000147477,None,566747,001,2025-09-04_10h19.30.591,Signal detection,,2025.1.1,59.632745793818415,2025-09-04 10h19.33.834138 +0530,
89,0,89,-4,down,1,0.6703435000963509,None,89,0,89,0,148.3842826000182,,148.36776150006335,148.3842826000182,149.36783530004323,149.36783530004323,150.0520454000216,-4,down,1,0.6703435000963509,None,566747,001,2025-09-04_10h19.30.591,Signal detection,,2025.1.1,59.632745793818415,2025-09-04 10h19.33.834138 +0530,
90,0,90,4,down,1,0.9190129999769852,None,90,0,90,0,150.06732560007367,,150.05249020003248,150.06732560007367,151.05184169998392,151.05184169998392,151.98490110004786,4,down,1,0.9190129999769852,None,566747,001,2025-09-04_10h19.30.591,Signal detection,,2025.1.1,59.632745793818415,2025-09-04 10h19.33.834138 +0530,
91,0,91,0,up,1,0.5960514999460429,None,91,0,91,0,152.0017533999635,,151.98524960002396,152.0017533999635,152.9849468000466,152.9849468000466,153.58716870006174,0,up,1,0.5960514999460429,None,566747,001,2025-09-04_10h19.30.591,Signal detection,,2025.1.1,59.632745793818415,2025-09-04 10h19.33.834138 +0530,
92,0,92,-5,down,1,0.7616455999668688,None,92,0,92,0,153.6008681000676,,153.5878813000163,153.6008681000676,154.60315099998843,154.60315099998843,155.37118270003702,-5,down,1,0.7616455999668688,None,566747,001,2025-09-04_10h19.30.591,Signal detection,,2025.1.1,59.632745793818415,2025-09-04 10h19.33.834138 +0530,
93,0,93,4,down,1,0.6972310999408364,None,93,0,93,0,155.38433520006947,,155.37160309997853,155.38433520006947,156.38521490001585,156.38521490001585,157.0853695999831,4,down,1,0.6972310999408364,None,566747,001,2025-09-04_10h19.30.591,Signal detection,,2025.1.1,59.632745793818415,2025-09-04 10h19.33.834138 +0530,
94,0,94,-3,down,1,1.0586405999492854,None,94,0,94,0,157.10037590004504,,157.08572189998813,157.10037590004504,158.10061439999845,158.10061439999845,159.16901030007284,-3,down,1,1.0586405999492854,None,566747,001,2025-09-04_10h19.30.591,Signal detection,,2025.1.1,59.632745793818415,2025-09-04 10h19.33.834138 +0530,
95,0,95,-4,down,1,0.827263200073503,None,95,0,95,0,159.18560570001137,,159.16950580000412,159.18560570001137,160.1678804999683,160.1678804999683,161.00257010001224,-4,down,1,0.827263200073503,None,566747,001,2025-09-04_10h19.30.591,Signal detection,,2025.1.1,59.632745793818415,2025-09-04 10h19.33.834138 +0530,
96,0,96,0,up,1,0.8652931000106037,None,96,0,96,0,161.0198518000543,,161.0030499000568,161.0198518000543,162.01800909999292,162.01800909999292,162.88799469999503,0,up,1,0.8652931000106037,None,566747,001,2025-09-04_10h19.30.591,Signal detection,,2025.1.1,59.632745793818415,2025-09-04 10h19.33.834138 +0530,
97,0,97,0,up,1,0.8410920999012887,None,97,0,97,0,162.9018845000537,,162.8884447000455,162.9018845000537,163.9027696000412,163.9027696000412,164.7524199000327,0,up,1,0.8410920999012887,None,566747,001,2025-09-04_10h19.30.591,Signal detection,,2025.1.1,59.632745793818415,2025-09-04 10h19.33.834138 +0530,
98,0,98,0,up,1,0.7813424000050873,None,98,0,98,0,164.7687499000458,,164.75291310006287,164.7687499000458,165.75270960002672,165.75270960002672,166.53921670001,0,up,1,0.7813424000050873,None,566747,001,2025-09-04_10h19.30.591,Signal detection,,2025.1.1,59.632745793818415,2025-09-04 10h19.33.834138 +0530,
99,0,99,0,up,1,0.6544345000293106,None,99,0,99,0,166.55136380007025,,166.53957150003407,166.55136380007025,167.5535165000474,167.5535165000474,168.21938020002563,0,up,1,0.6544345000293106,None,566747,001,2025-09-04_10h19.30.591,Signal detection,,2025.1.1,59.632745793818415,2025-09-04 10h19.33.834138 +0530,
